1,"PU1002736",2017/4/19 0:00:00,"和光","061-00416","ホルムアルデヒド液",,"1500ML",1,\680,\680,"劇物","PRTR1","本",\54,
2,"PU1004083",2017/4/26 0:00:00,"和光","168-20955","パラホルムアルデヒド",,"500G",1,\1350,\1350,"劇物","PRTR1","本",\108,
3,"PU1004961",2017/5/8 0:00:00,"キシダ化学","020-75382","水酸化ストロンチウム",,"25G",1,\1350,\1350,,,"本",\108,
4,"PU1004792",2017/5/2 0:00:00,"関東化学","16061-00","ホルムアルデヒドエキ",,"500ML",1,\850,\850,,,"本",\68,
5,"PU1006598",2017/5/17 0:00:00,"和光","151-03425","オレイン酸",,"500ML",2,\1360,\2720,,"危4","本",\218,
6,"PU1006591",2017/5/17 0:00:00,"キシダ化学","030-72815","けい酸ナトリウム溶液(1号)(水ガラス)",,"500G",1,\1350,\1350,,,"本",\108,
7,"PU1006599",2017/5/17 0:00:00,"キシダ化学","000-73035","四ほう酸ナトリウム十水和物","特級","500G",1,\1350,\1350,,,"本",\108,
8,"PU1008386",2017/5/29 0:00:00,"和光","151-03425","オレイン酸",,"500ML",3,\1360,\4080,,"危4","本",\326,
9,"PU1009834",2017/6/7 0:00:00,"キシダ化学","000-72965","硫化ナトリウム9水和物","ﾄｯｷｭｳ","500G",1,\2880,\2880,,,"本",\230,
10,"PU1012035",2017/6/21 0:00:00,"和光","024-00706","ベンゼン","S","500ml",1,\900,\900,,"危4/PRTR1","本",\72,
11,"PU1012036",2017/6/21 0:00:00,"和光","148-01371","硝酸(1.38)",,"15KG",1,\3380,\3380,"劇物",,"本",\270,
12,"PU1013103",2017/6/28 0:00:00,"和光","151-03425","オレイン酸",,"500ML",3,\1360,\4080,,"危4","本",\326,
13,"PU1013102",2017/6/28 0:00:00,"キシダ化学","000-29015","エチレンカルボナート","S","500ML",1,\2900,\2900,,,"本",\232,
14,"PU1013102",2017/6/28 0:00:00,"キシダ化学","000-64955","炭酸プロピレン","ﾄｯｷｭｳ","500ML",1,\3800,\3800,,,"本",\304,
15,"PU1010961",2017/6/14 0:00:00,"和光","151-03425","オレイン酸",,"500ML",3,\1360,\4080,,"危4","本",\326,
16,"PU1015277",2017/7/12 0:00:00,,"1417","塩酸","ｺｳｷﾞｮｳﾖｳ","20KG",1,\2000,\2000,"劇物",,"缶",\160,
17,"PU1016639",2017/7/21 0:00:00,"和光","221-01292","吉草酸","1","25ML",1,\2300,\2300,,"危4","本",\184,
18,"PU1016639",2017/7/21 0:00:00,"和光","204-02846","30%取りメチルアミン溶液",,"500ML",1,\1700,\1700,,"危4","本",\136,
19,"PU1016640",2017/7/21 0:00:00,"和光","046-28985","ジプロピレングリコール(異性体混合物)","1","500ML",1,\1300,\1300,,"危4","本",\104,
20,"PU1017906",2017/7/28 0:00:00,"和光","151-03425","オレイン酸",,"500ML",3,\1360,\4080,,"危4","本",\326,
21,"PU1017905",2017/7/28 0:00:00,"和光","045-25915","ジエチレングリコール","S","500ml",2,\1580,\3160,,"危4","本",\253,
22,"PU1021798",2017/8/29 0:00:00,"和光","151-03425","オレイン酸",,"500ML",2,\1360,\2720,,"危4","本",\218,
23,"PU1024571",2017/9/14 0:00:00,"キシダ化学","910-00244","フェノールフタレイン溶液","滴定用","100ml",1,\1260,\1260,,,"本",\101,
24,"PU1029973",2017/10/19 0:00:00,"和光","084-08105","ヘプタン","1","500ml",1,\1500,\1500,,"危4","本",\120,
25,"PU1031600",2017/10/26 0:00:00,"和光","130-06173","メチルメルカプタン標準液(1μg/μlベンゼン溶液)","ｱｸｼｭｳﾌﾞｯｼﾂ","5X2ML",1,\4800,\4800,"毒物","危4/PRTR1","本",\384,"ｼﾊﾞｻﾏ　TWL4581(1)"
26,"PU1031601",2017/10/26 0:00:00,"和光","080-04481","硫化水素,固形",,"100G",1,\3900,\3900,,,"本",\312,"ｼﾊﾞｻﾏ"
27,"PU1032560",2017/11/2 0:00:00,"キシダ化学","000-70555","硝酸銀","ﾄｯｷｭｳ","500G",1,\26000,\26000,"劇物",,"本",\2080,
28,"PU1037487",2017/12/5 0:00:00,"和光","046-28985","ジプロピレングリコール(異性体混合物)","1","500ML",1,\1300,\1300,,"危4","本",\104,
29,"PU1039884",2017/12/19 0:00:00,"和光","151-03425","オレイン酸",,"500ML",2,\1360,\2720,,"危4","本",\218,
30,"PU1041118",2017/12/26 0:00:00,"和光","046-28985","ジプロピレングリコール(異性体混合物)","1","500ML",4,\1300,\5200,,"危4","本",\416,
31,"PU1045638",2018/1/30 0:00:00,"キシダ化学","010-57745","オレイン酸","1ｷｭｳ","500ML",1,\1260,\1260,,,"本",\101,
32,"PU1046043",2018/2/1 0:00:00,"キシダ化学","010-00055","アセトアルデヒド90%","1","500ML",1,\2700,\2700,,,"本",\216,"ｼﾊﾞｻﾏ"
33,"PU1051734",2018/3/9 0:00:00,"キシダ化学","000-70555","硝酸銀","ﾄｯｷｭｳ","500G",4,\26000,\104000,"劇物",,"本",\8320,
34,"PU1053346",2018/3/20 0:00:00,"高純度化学研究所","GEE05PB  100","ゲルマニウム　粉末　5N　目開45micronmeter pass",,"100G",1,\114300,\114300,,,"本",\9144,
35,"PU1053917",2018/3/26 0:00:00,"キシダ化学","000-70555","硝酸銀","ﾄｯｷｭｳ","500G",1,\26000,\26000,"劇物",,"本",\2080,
36,"PU1053917",2018/3/26 0:00:00,"キシダ化学","020-88005","ステアリン酸亜鉛","ｶｶﾞｸﾖｳ","500G",1,\2070,\2070,,,"本",\166,
37,"PU1053917",2018/3/26 0:00:00,"和光","132-02076","4-メチル-2-ペンタノン","S","500ML",1,\1300,\1300,,"危4","本",\104,
38,"PU1054126",2018/3/27 0:00:00,"キシダ化学","000-70555","硝酸銀","ﾄｯｷｭｳ","500G",1,\26000,\26000,"劇物",,"本",\2080,
39,"PU1054362",2018/3/29 0:00:00,"三協化学","2769-30021-00","エタコール 7",,"14KG",1,\7000,\7000,,,"缶",\560,
40,"PU1054690",2018/4/3 0:00:00,"キシダ化学","000-87725","塩化亜鉛","S","500G",1,\2900,\2900,"劇物",,"本",\232,"ｲｼｶﾜｻﾏ"
41,"PU1056416",2018/4/12 0:00:00,"キシダ化学","000-70555","硝酸銀","ﾄｯｷｭｳ","500G",9,\26000,\234000,"劇物",,"本",\18720,
42,"PU1056950",2018/4/17 0:00:00,"キシダ化学","010-57745","オレイン酸","1ｷｭｳ","500ML",2,\1260,\2520,,,"本",\202,"ｼﾊﾞｻﾏ"
43,"PU1060816",2018/5/17 0:00:00,"富士フィルム和光純薬","262-00425","硫酸亜鉛","ｶｶﾞｸﾖｳ","500G",1,\5400,\5400,"劇物","PRTR1","本",\432,"ｼﾊﾞｻﾏ"
44,"PU1061456",2018/5/22 0:00:00,"キシダ化学","010-57745","オレイン酸","1ｷｭｳ","500ML",2,\1260,\2520,,,"本",\202,
45,"PU1063568",2018/6/5 0:00:00,"キシダ化学","000-28553","エタノール(99.5)","S","3L",1,\8160,\8160,,"危4","本",\653,
46,"PU1063568",2018/6/5 0:00:00,"キシダ化学","020-71815","次亜塩素酸ナトリウム",,"500ML",1,\810,\810,,,"本",\65,
47,"PU1063568",2018/6/5 0:00:00,"キシダ化学","000-47405","硝酸マンガン(2)6水和物","ﾄｯｷｭｳ","500G",1,\2520,\2520,,,"本",\202,
48,"PU1066289",2018/6/21 0:00:00,"高純度化学研究所","CSH08XB   25","炭酸セシウム　CS2CO3",,"25G",1,\5500,\5500,,,"本",\440,"ｼﾊﾞｻﾏ"
49,"PU1068173",2018/7/3 0:00:00,"富士フィルム和光純薬","046-28985","ジプロピレングリコール(異性体混合物)","1","500ML",3,\1300,\3900,,"危4","本",\312,
50,"PU1071301",2018/7/24 0:00:00,"キシダ化学","010-78405","塩化スズ(Ⅳ)(5水和物)(第2)",,"500G",1,\3600,\3600,"劇物",,"本",\288,
51,"PU1076673",2018/8/30 0:00:00,"キシダ化学","057-28555","無水エタノール99.5%","ｷｮｸﾎｳ","500ML",2,\1700,\3400,,,"本",\272,
52,"PU1078228",2018/9/11 0:00:00,"富士フィルム和光純薬","151-03425","オレイン酸",,"500ml",2,\1360,\2720,,"危4","本",\218,"ｼﾊﾞｻﾏ"
53,"PU1080615",2018/9/27 0:00:00,"新中村化学工業","12537-30006-21","NKバインダー　R-5HN",,"17kg",1,\9350,\9350,,,"缶",\748,
54,"PU1080612",2018/9/27 0:00:00,"富士フィルム和光純薬","130-02491","2-ブタノン","S","3L",1,\5000,\5000,"劇物","危4","本",\400,
55,"PU1081713",2018/10/4 0:00:00,"三協化学","2769-30021-00","エタコール　7",,"14KG",1,\7000,\7000,,,"缶",\560,
56,"PU1082222",2018/10/9 0:00:00,"富士フィルム和光純薬","046-28985","ジプロピレングリコール(異性体混合物)","1","500ML",3,\1300,\3900,,"危4","本",\312,
57,"PU1085940",2018/11/1 0:00:00,"キシダ化学","010-40675","塩化鉄(3)6水和物","1","500G",2,\1150,\2300,,,"本",\184,
58,"PU1087115",2018/11/8 0:00:00,"富士フィルム和光純薬","134-06095","モレキュラーシーブス 3A 1/16",,"500g",1,\2600,\2600,,,"本",\208,
59,"PU1086703",2018/11/6 0:00:00,"ソーダニッカ","1249-30020-15","ポリ硫酸第一鉄　バックインボックス",,"25kg",1,\4000,\4000,,,"箱",\320,
60,"PU1086703",2018/11/6 0:00:00,"ソーダニッカ","1249-3002016","16%硫酸第一鉄　バックインボックス",,"25kg",1,\3800,\3800,,,"箱",\304,
61,"PU1088903",2018/11/20 0:00:00,"富士フィルム和光純薬","151-03425","オレイン酸","一級","500ml",2,\1360,\2720,,"危4","本",\218,"ｼﾊﾞｻﾏ"
62,"PU1089825",2018/11/27 0:00:00,"キシダ化学","000-87625","酢酸アエン(2水和物)","ﾄｯｷｭｳ","500G",1,\1600,\1600,"劇物",,"本",\128,"ｲｼｶﾜｻﾏ"
63,"PU1090279",2018/11/29 0:00:00,"富士フィルム和光純薬","026-03326","1-ブタノール","S","500ML",1,\880,\880,,"危4/第57条-2","本",\70,
64,"PU1090915",2018/12/4 0:00:00,"関東化学","10234-00","2-(2-N-ブトキシエトキシ)エタノール","ｼｶﾄｯｷｭｳ","500ML",1,\1810,\1810,,,"本",\145,
65,"PU1091365",2018/12/6 0:00:00,"キシダ化学","000-70555","硝酸銀","ﾄｯｷｭｳ","500G",3,\26000,\78000,"劇物",,"本",\6240,
66,"PU1092010",2018/12/11 0:00:00,"キシダ化学","000-70555","硝酸銀","ﾄｯｷｭｳ","500G",1,\26000,\26000,"劇物",,"本",\2080,
67,"PU1094611",2018/12/27 0:00:00,"キシダ化学","000-62771","ヘキサクロロ白金酸 6水和物","ﾄｯｷｭｳ","1G",1,\7900,\7900,,,"個",\632,
68,"PU1094611",2018/12/27 0:00:00,"キシダ化学","010-78505","しゅう酸すず(Ⅱ)",,"500g",1,\5200,\5200,"劇物","PRTR1/第57条-2","本",\416,
69,"PU1095587",2019/1/10 0:00:00,"キシダ化学","020-87715","塩基性　炭酸亜鉛　100メッシュ",,"500G",1,\1800,\1800,,,"本",\144,
70,"PU1095566",2019/1/10 0:00:00,"富士フィルム和光純薬","046-28985","ジプロピレングリコール(異性体混合物)","1","500ML",3,\1300,\3900,,"危4","本",\312,"ｼﾊﾞｻﾏ"
71,"PU1095975",2019/1/15 0:00:00,"キシダ化学","000-70555","硝酸銀","特級","500G",4,\26000,\104000,"劇物",,"本",\8320,
72,"PU1097595",2019/1/24 0:00:00,"富士フィルム和光純薬","151-03425","オレイン酸","一級","500ml",2,\1360,\2720,,"危4","本",\218,
73,"PU1101536",2019/2/19 0:00:00,"キシダ化学","000-47185","酢酸マンガン(Ⅱ)4水和物","特級","500g",1,\1760,\1760,,,"本",\141,
74,"PU1101536",2019/2/19 0:00:00,"キシダ化学","000-47265","炭酸マンガン(Ⅱ)","特級","500g",1,\3120,\3120,,,"本",\250,
75,"PU1104834",2019/3/12 0:00:00,"富士フィルム和光純薬","046-28985","ジプロピレングリコール(異性体混合物)","1","500ML",2,\1300,\2600,,"危4","本",\208,
76,"PU1107106",2019/3/28 0:00:00,"新中村化学工業","12537-30006-21","NKバインダー　R-5HN",,"17kg",1,\9350,\9350,,,"缶",\748,
77,"PU1107473",2019/4/2 0:00:00,"富士フィルム和光純薬","042-28985","ジプロピレングリコール(異性体混合物)","1","18KG",1,\19000,\19000,,"危4","本",\1520,
78,"PU1108971",2019/4/11 0:00:00,"キシダ化学","000-70875","酢酸ナトリウム(無水)","S","500G",1,\1350,\1350,,,"本",\108,
79,"PU1108881",2019/4/11 0:00:00,"キシダ化学","000-70555","硝酸銀","特級","500G",2,\26000,\52000,"劇物",,"本",\4160,
80,"PU1109957",2019/4/18 0:00:00,"富士フィルム和光純薬","054-00461","エタノール(99.5)","1","3L",1,\7900,\7900,,"危4/第57条-2","本",\632,
81,"PU1109373",2019/4/15 0:00:00,"新中村化学工業","12537-30006-21","NKバインダー　R-5HN",,"17kg",1,\9350,\9350,,,"缶",\748,
82,"PU1112144",2019/5/9 0:00:00,"日本アルコール","1349-30001-14","ソルミックス　AP-7",,"14kg",1,\6600,\6600,,"危4","缶",\528,
83,"PU1112756",2019/5/14 0:00:00,"キシダ化学","000-63542","ふっ化カリウム","ﾄｯｷｭｳ","25G",1,\1450,\1450,,,"本",\116,
84,"PU1113216",2019/5/16 0:00:00,"富士フィルム和光純薬","151-03425","オレイン酸","一級","500ml",3,\1360,\4080,,"危4","本",\326,
85,"PU1114300",2019/5/23 0:00:00,"キシダ化学","020-02315","酢酸アルミ　塩基性",,"500G",1,\2700,\2700,,,"本",\216,
86,"PU1114300",2019/5/23 0:00:00,"キシダ化学","020-02305","酢酸アルミニウム","ｾﾝｲﾖｳ","500G",1,\1350,\1350,,,"本",\108,
87,"PU1114300",2019/5/23 0:00:00,"富士フィルム和光純薬","139-12155","酢酸3-メチルブチル","S","500ML",1,\1720,\1720,,"危4","本",\138,"ｲｼｶﾜｻﾏ"
88,"PU1114300",2019/5/23 0:00:00,"富士フィルム和光純薬","028-03266","酢酸ブチル","S","500ML",1,\960,\960,,"危4/第57条-2","本",\77,
89,"PU1114239",2019/5/23 0:00:00,"キシダ化学","000-02515","硝酸アンモニウム(9水和物)","S","500G",1,\1500,\1500,,,"本",\120,"ｲｼｶﾜｻﾏ"
90,"PU1114236",2019/5/23 0:00:00,"キシダ化学","000-70555","硝酸銀","特級","500G",3,\26000,\78000,"劇物",,"本",\6240,
91,"PU1114888",2019/5/28 0:00:00,"富士フィルム和光純薬","139-12155","酢酸3-メチルブチル","S","500ML",1,\1720,\1720,,"危4","本",\138,
92,"PU1114888",2019/5/28 0:00:00,"富士フィルム和光純薬","028-03266","酢酸ブチル","S","500ML",1,\960,\960,,"危4/第57条-2","本",\77,
93,"PU1114888",2019/5/28 0:00:00,"富士フィルム和光純薬","020-11215","2-ブタノール","S","500ML",2,\1840,\3680,,"危4/第57条-2","本",\294,
94,"PU1115867",2019/6/4 0:00:00,"キシダ化学","010-57745","オレイン酸","1ｷｭｳ","500ML",1,\1260,\1260,,,"本",\101,"ｼﾊﾞｻﾏ"
95,"PU1116357",2019/6/6 0:00:00,"キシダ化学","660-33670","ガリウム　99.9999",,"100G",1,\31700,\31700,,,"個",\2536,
96,"PU1117429",2019/6/13 0:00:00,"キシダ化学","020-47265","炭酸マンガン(Ⅱ)","化学用","500g",2,\1600,\3200,,,"本",\256,
97,"PU1117429",2019/6/13 0:00:00,"キシダ化学","000-47405","硝酸マンガン(2)6水和物","ﾄｯｷｭｳ","500G",2,\2500,\5000,,,"本",\400,
98,"PU1118046",2019/6/18 0:00:00,"キシダ化学","000-70555","硝酸銀","特級","500G",5,\26000,\130000,"劇物",,"本",\10400,
99,"PU1119267",2019/6/25 0:00:00,"ソーダニッカ","1249-30020-15","ポリ硫酸第二鉄　バックインボックス",,"25kg",1,\4000,\4000,,,"箱",\320,
100,"PU1120888",2019/7/4 0:00:00,"清水産業","2102","苛性ソーダ(フレーク)",,"25KG",1,\3200,\3200,"劇物",,"個",\256,
101,"PU1120728",2019/7/4 0:00:00,"キシダ化学","010-78505","しゅう酸すず(Ⅱ)",,"500g",1,\5600,\5600,"劇物","PRTR1/第57条-2","本",\448,
102,"PU1120728",2019/7/4 0:00:00,"富士フィルム和光純薬","020-11215","2-ブタノール","S","500ML",2,\1840,\3680,,"PRTR1/第57条-2","本",\294,
103,"PU1122767",2019/7/18 0:00:00,"キシダ化学","000-70555","硝酸銀","特級","500G",5,\26000,\130000,"劇物",,"本",\10400,
104,"PU1124583",2019/7/30 0:00:00,"富士フィルム和光純薬","151-03425","オレイン酸","一級","500ml",3,\1360,\4080,,"危4","本",\326,
105,"PU1128263",2019/8/27 0:00:00,"富士フィルム和光純薬","020-11215","2-ブタノール","S","500ML",2,\1840,\3680,,"危4/第57条-2","本",\294,
106,"PU1128263",2019/8/27 0:00:00,"富士フィルム和光純薬","139-12155","酢酸3-メチルブチル","S","500ML",2,\1720,\3440,,"危4","本",\275,
107,"PU1129297",2019/9/3 0:00:00,"キシダ化学","630-87212","酢酸イットリウムN水和物",,"25G",1,\7100,\7100,,,"本",\568,
108,"PU1129745",2019/9/5 0:00:00,"キシダ化学","630-88152","酸化ジルコニウム　99.9%",,"25G",1,\1200,\1200,,,"本",\96,
109,"PU1130393",2019/9/10 0:00:00,"日本アルコール","1349-30001-14","ソルミックス　AP-7",,"14kg",1,\6600,\6600,,"危4","缶",\528,
110,"PU1132757",2019/9/26 0:00:00,"富士フィルム和光純薬","139-12155","酢酸3-メチルブチル","S","500ML",2,\1700,\3440,,"危4","本",\275,
111,"PU1132326",2019/9/24 0:00:00,"キシダ化学","000-70555","硝酸銀","特級","500G",4,\26500,\106000,"劇物",,"本",\8480,
112,"PU1133866",2019/10/3 0:00:00,"キシダ化学","000-78375","塩化スズ(2)2水和物","ﾄｯｷｭｳ","500G",1,\5100,\5100,,,"個",\510,
113,"PU1134628",2019/10/8 0:00:00,"富士フィルム和光純薬","134-06095","モレキュラシーブス　3A 1/16",,"500g",2,\2600,\5200,,,"本",\520,
114,"PU1134627",2019/10/8 0:00:00,"キシダ化学","010-78405","塩化スズ(Ⅳ)(5水和物)(第2)",,"500G",1,\3600,\3600,"劇物",,"本",\360,
115,"PU1135624",2019/10/15 0:00:00,"コニシ","057-28556","無水エタノール　医薬品/医療用","ﾆｯｷｮｸ","16L",1,\29400,\29400,,,"缶",\2940,
116,"PU1135590",2019/10/15 0:00:00,"キシダ化学","630-87182","炭酸イットリウム(n水和物)",,"25g",1,\8400,\8400,,,"個",\840,
117,"PU1137027",2019/10/24 0:00:00,"富士フィルム和光純薬","151-03425","オレイン酸","一級","500ml",3,\1360,\4080,,"危4","本",\408,"ｼﾊﾞｻﾏ"
118,"PU1136973",2019/10/24 0:00:00,"キシダ化学","000-74433","硫酸 97%","S","6KG",1,\3300,\3300,"劇物",,"本",\330,
119,"PU1137688",2019/10/29 0:00:00,"富士フィルム和光純薬","151-03425","オレイン酸","一級","500ml",3,\1360,\4080,,"危4","本",\408,
120,"PU1137687",2019/10/29 0:00:00,"富士フィルム和光純薬","139-12155","酢酸3-メチルブチル","S","500ML",2,\1720,\3440,,"危4","本",\344,
121,"PU1139052",2019/11/7 0:00:00,"キシダ化学","000-70555","硝酸銀","特級","500G",4,\26500,\106000,"劇物",,"本",\10600,
122,"PU1139752",2019/11/12 0:00:00,"ニラコ","ZN-483464","亜鉛/板　0.50x110x500mm","99.2%","1枚",1,\5700,\5700,,,"個",\570,
123,"PU1148602",2019/1/14 0:00:00,"キシダ化学","000-71245","炭酸ナトリウム(無水)","特級","500G",1,\1500,\1500,,,"本",\150,
124,"PU1148602",2019/1/14 0:00:00,"キシダ化学","630-87102","塩化イットリウム",,"25g",1,\7800,\7800,,"危4/第57条-2","本",\780,
125,"PU1148602",2019/1/14 0:00:00,"キシダ化学","000-70555","硝酸銀","特級","500G",10,\26500,\265000,"劇物",,"本",\26500,
126,"PU1151081",2020/1/28 0:00:00,"キシダ化学","000-37495","ヒドラジン(1水和物)、98%","ﾄｯｷｭｳ","500ML",2,\2500,\5000,"劇物","PRTR1","本",\500,
127,"PU1151522",2020/1/30 0:00:00,"富士フィルム和光純薬","042-28987","ジプロピレングリコール(異性体混合物)","1","18KG",1,\19000,\19000,,"危4","本",\1900,"ｼﾊﾞｻﾏ"
128,"PU1151516",2020/1/30 0:00:00,"キシダ化学","020-63165","ポリビニルアルコール 500","ｶｶﾞｸﾖｳ","500G",1,\1800,\1800,,,"本",\180,
129,"PU1151516",2020/1/30 0:00:00,"キシダ化学","020-63185","ポリビニルアルコール 2000",,"500G",1,\1800,\1800,,,"本",\180,
130,"PU1151516",2020/1/30 0:00:00,"キシダ化学","010-62905","ポリエチレングリコール 200",,"500G",1,\1800,\1800,,,"本",\180,
131,"PU1151516",2020/1/30 0:00:00,"キシダ化学","010-62925","ポリエチレングリコール 400","1級","500G",1,\1800,\1800,,,"本",\180,
132,"PU1151517",2020/1/30 0:00:00,"キシダ化学","010-62945","ポリエチレングリコール　1000","1","500G",1,\1800,\1800,,,"本",\180,
133,"PU1153673",2020/2/13 0:00:00,"キシダ化学","000-13475","塩化カルシウム(無水)","S","500G",2,\2430,\4860,,,"本",\486,
134,"PU1153673",2020/2/13 0:00:00,"キシダ化学","010-14265","オクタン酸","1級","500ML",1,\2340,\2340,,,"本",\234,
135,"PU1153672",2020/2/13 0:00:00,"日本アルコール","1349-30001-14","ソルミックス　AP-7",,"14kg",1,\6600,\6600,,"危4","缶",\660,
136,"PU1154388",2020/2/18 0:00:00,"富士フィルム和光純薬","204-01866","トルエン","S","500ml",1,\660,\660,"劇物","危4/PRTR1/第57条-2","本",\66,"ｼﾊﾞｻﾏ"
137,"PU1154942",2020/2/20 0:00:00,"キシダ化学","010-62935","ポリエチレングリコール　600",,"500g",1,\1800,\1800,,,"本",\180,
138,"PU1154942",2020/2/20 0:00:00,"キシダ化学","020-63085","ポリプロピレングリコール　400",,"500G",1,\1890,\1890,,,"本",\189,
139,"PU1157198",2020/3/5 0:00:00,"キシダ化学","000-72635","プロピオン酸ナトリウム","特級","500g",1,\2700,\2700,,,"本",\270,
140,"PU1157197",2020/3/5 0:00:00,"富士フィルム和光純薬","152-00552","オレアミド",,"25G",1,\1680,\1680,,,"本",\168,
141,"PU1157197",2020/3/5 0:00:00,"富士フィルム和光純薬","326-27572","オレイルアミン",,"25G",1,\2240,\2240,,"危4","本",\224,
142,"PU1160853",2020/3/30 0:00:00,"新中村化学工業","12537-30006-21","NKバインダー R-5HN",,"17kg",2,\9350,\18700,,,"缶",\1870,
143,"PU1161898",2020/4/7 0:00:00,"キシダ化学","000-37495","ヒドラジン(1水和物)、98%","ﾄｯｷｭｳ","500ML",2,\2500,\5000,"劇物","PRTR1","本",\500,"ｲｼｶﾜｻﾏ"
144,"PU1165950",2020/5/7 0:00:00,"関東化学","48008-00","酢酸亜鉛二水和物","S","500G",1,\2600,\2600,,,"本",\260,
145,"PU1166805",2020/5/14 0:00:00,"富士フィルム和光純薬","085-00416","ヘキサン","S","500ml",2,\830,\1660,,"危4/PRTR1/第57条-2","本",\166,
146,"PU1168499",2020/5/26 0:00:00,"新中村化学工業","12537-30006-21","NKバインダー　R-5HN",,"17kg",3,\9350,\28050,,,"缶",\2805,
147,"PU1168500",2020/5/26 0:00:00,"新中村化学工業","12537-30006-21","NKバインダー　R-5HN",,"17kg",7,\14340,\100380,,,"缶",\10038,
148,"PU1168500",2020/5/26 0:00:00,"新中村化学工業","12537-30006-21","NKバインダー　R-5HN",,"17kg",3,\14340,\43020,,,"缶",\4302,
149,"PU1169628",2020/6/3 0:00:00,"富士フィルム和光純薬","166-04831","2-プロパノール","S","3L",1,\3400,\3400,,"危4/第57条-2","本",\340,
150,"PU1169629",2020/6/3 0:00:00,"キシダ化学","010-87595","酢酸亜鉛　無水","1ｷｭｳ","500G",1,\9000,\9000,,,"本",\900,
151,"PU1170885",2020/6/11 0:00:00,"富士フィルム和光純薬","151-03425","オレイン酸","一級","500ml",3,\1360,\4080,,"危4","本",\408,
152,"PU1171639",2020/6/16 0:00:00,"キシダ化学","000-03630","アンモニア水",,"5L",1,\3000,\3000,"劇物",,"本",\300,
153,"PU1171640",2020/6/16 0:00:00,"富士フィルム和光純薬","194-02635","オレイン酸ナトリウム","化学用","500G",2,\3760,\7520,,,"本",\752,
154,"PU1171638",2020/6/16 0:00:00,"富士フィルム和光純薬","166-04831","2-プロパノール","S","3L",1,\3400,\3400,,"危4/第57条-2","本",\340,
155,"PU1173092",2020/6/25 0:00:00,"キシダ化学","000-70555","硝酸銀","特級","500G",4,\26500,\106000,"劇物",,"本",\10600,
156,"PU1179553",2020/8/6 0:00:00,"富士フィルム和光純薬","083-00417","ヘキサン","S","12KG",1,\7300,\7300,,"危4/PRTR1/第57条-2","本",\730,
157,"PU1179552",2020/8/6 0:00:00,"富士フィルム和光純薬","320-27575","オレイルアミン",,"500G",1,\4720,\4720,,"危4","本",\472,
158,"PU1179552",2020/8/6 0:00:00,"富士フィルム和光純薬","154-00176","オクチルアミン","S","500ML",1,\4640,\4640,,"危4","本",\464,
159,"PU1179554",2020/8/6 0:00:00,"キシダ化学","000-70555","硝酸銀","特級","500G",5,\26500,\132500,"劇物",,"本",\13250,
160,"PU1184930",2020/9/15 0:00:00,"富士フィルム和光純薬","151-03425","オレイン酸","一級","500ml",3,\1360,\4080,,"危4","本",\408,
161,"PU1184932",2020/9/15 0:00:00,"高純度化学研究所","SRF12PB  500","SrFe12O19 ストロンチウム・フェライト",,"500g",1,\16800,\16800,,,"個",\1680,
162,"PU1185333",2020/9/17 0:00:00,"キシダ化学","000-70555","硝酸銀","特級","500G",6,\37000,\222000,"劇物",,"本",\22200,
163,"PU1185964",2020/9/24 0:00:00,"新中村化学工業","12537-30006-21","NKバインダー　R-5HN",,"17kg",2,\9350,\18700,,,"缶",\1870,
164,"PU1187793",2020/10/6 0:00:00,"キシダ化学","020-63165","ポリビニルアルコール　500","ｶｶﾞｸﾖｳ","500G",1,\1800,\1800,,,"本",\180,
165,"PU1188248",2020/10/8 0:00:00,"富士フィルム和光純薬","080-01061","塩酸","S","4kg",1,\2880,\2880,"劇物","第57条-2","本",\288,
166,"PU1188248",2020/10/8 0:00:00,"富士フィルム和光純薬","165-17915","ポリビニルアルコール","S","500G",4,\3040,\12160,,,"本",\1216,
167,"PU1188248",2020/10/8 0:00:00,"富士フィルム和光純薬","012-03143","アンモニア水","S","5L",2,\4440,\8880,"劇物","第57条-2","本",\888,
168,"PU1188248",2020/10/8 0:00:00,"富士フィルム和光純薬","141-01361","硝酸(1.38)","S","5kg",1,\3280,\3280,"劇物","第57条-2","本",\328,
169,"PU1188247",2020/10/8 0:00:00,"富士フィルム和光純薬","080-01061","塩酸","S","4kg",1,\2880,\2880,"劇物","第57条-2","本",\288,
170,"PU1190343",2020/10/22 0:00:00,"キシダ化学","020-63165","ポリビニルアルコール 500","ｶｶﾞｸﾖｳ","500G",4,\1800,\7200,,,"本",\720,
171,"PU1192154",2020/11/5 0:00:00,"富士フィルム和光純薬","356-40415","炭酸ヒドラジン水溶液(約70%)",,"500G",1,\5700,\5700,,,"本",\570,
172,"PU1195477",2020/11/26 0:00:00,"ソーダニッカ","1249-30020-15","ポリ硫酸第二鉄　バックインボックス",,"25kg",1,\4200,\4200,,,"箱",\420,
173,"PU1197255",2020/12/8 0:00:00,"富士フィルム和光純薬","012-03143","アンモニア水","S","5L",1,\4440,\4440,"劇物","第57条-2","本",\444,
174,"PU1199650",2020/12/22 0:00:00,"キシダ化学","010-57746","オレイン酸","1級","15kg",1,\13800,\13800,,,"缶",\1380,
175,"PU1199654",2020/12/22 0:00:00,"富士フィルム和光純薬","085-00416","ヘキサン","S","500ml",2,\830,\1660,,"危4/PRTR1/第57条-2","本",\166,
176,"PU1200299",2020/12/24 0:00:00,"富士フィルム和光純薬","085-00411","ヘキサン","S","3L",2,\3120,\6240,,"危4/PRTR1/第57条-2","本",\624,
177,"PU1200979",2021/1/7 0:00:00,"富士フィルム和光純薬","083-00417","ヘキサン","S","12KG",1,\7300,\7300,,"危4/PRTR1/第57条-2","缶",\730,
178,"PU1200977",2021/1/7 0:00:00,"富士フィルム和光純薬","042-28987","ジプロピレングリコール(異性体混合物)","1","18KG",1,\19000,\19000,,"危4","本",\1900,
179,"PU1201839",2021/1/14 0:00:00,"日本アルコール","1349-30001-14","ソルミックス　AP-7",,"15kg",1,\6600,\6600,,"危4","缶",\660,
180,"PU1203054",2021/1/21 0:00:00,"富士フィルム和光純薬","085-06295","ヘキサン酸","S","500ML",1,\3600,\3600,"劇物","危4","本",\360,
181,"PU1203054",2021/1/21 0:00:00,"キシダ化学","000-37495","ヒドラジン(1水和物)、98%","ﾄｯｷｭｳ","500ML",1,\2500,\2500,"劇物","PRTR1","本",\250,
182,"PU1203269",2021/1/22 0:00:00,"富士フィルム和光純薬","141-01361","硝酸(1.38)","S","5kg",1,\3280,\3280,"劇物","第57条-2","本",\328,
183,"PU1203269",2021/1/22 0:00:00,"富士フィルム和光純薬","356-40415","炭酸ヒドラジン水溶液(約70%)",,"500G",1,\5700,\5700,,,"本",\570,
184,"PU1203657",2021/1/26 0:00:00,"東京化成販売","H0854  500","炭酸ヒドラジン(70%水溶液, 約7.3mol/L)",,"500G",1,\6500,\6500,,,"本",\650,
185,"PU1203657",2021/1/26 0:00:00,"東京化成販売","H0854  500","炭酸ヒドラジン(70%水溶液, 約7.3mol/L)",,"500G",1,\6500,\6500,,,"本",\650,
186,"PU1205944",2021/2/9 0:00:00,"キシダ化学","010-62905","ポリエチレングリコール200",,"500G",1,\1800,\1800,,,"本",\180,"ﾌｼﾞｻﾜｻﾏ"
187,"PU1208252",2021/2/25 0:00:00,"キシダ化学","010-62905","ポリエチレングリコール200",,"500G",1,\1800,\1800,,,"本",\180,"ﾌｼﾞｻﾜｻﾏ"
188,"PU1209404",2021/3/4 0:00:00,"キシダ化学","000-70555","硝酸銀","特級","500G",2,\37000,\74000,"劇物",,"本",\7400,
189,"PU1210045",2021/3/9 0:00:00,"富士フィルム和光純薬","263-00575","合成ゼオライト, A-3, 球状, 1.40-2.36MM (8-12MESH)",,"500g",1,\3680,\3680,,,"本",\368,"ｲｼｶﾜｻﾏ"
190,"PU1210045",2021/3/9 0:00:00,"コニシ","057-28556","無水エタノール　医薬品/医療品","ﾆｯｷｮｸ","16L",1,\29400,\29400,,,"缶",\2940,
191,"PU1210045",2021/3/9 0:00:00,"日本アルコール","1349-30001-14","ソルミックス　AP-7",,"14kg",1,\6600,\6600,,"危4","缶",\660,
192,"PU1211122",2021/3/16 0:00:00,"キシダ化学","000-70555","硝酸銀","特級","500G",2,\37000,\74000,"劇物",,"本",\7400,
193,"PU1211122",2021/3/16 0:00:00,"キシダ化学","000-48663","メタノール","S","3L",1,\2250,\2250,,,"本",\225,
194,"PU1211124",2021/3/16 0:00:00,"多木化学","A-6","タイノック　A-6",,"20kg",1,\72000,\72000,,,"缶",\7200,
195,"PU1211123",2021/3/16 0:00:00,"荒川化学工業","W600","ユリアーノW600",,"18kg",1,\36000,\36000,,,"缶",\3600,
196,"PU1212502",2021/3/25 0:00:00,"ナカライ","31526-12","ヘキサメタリン酸ナトリウム","GR","25G",1,\1080,\1080,,,"本",\108,
197,"PU1213796",2021/4/6 0:00:00,"キシダ化学","020-33702","硝酸ガリウム8水和物",,"25G",1,\16000,\16000,,"危1","本",\1600,
198,"PU1214270",2021/4/8 0:00:00,"東京化成販売","O0057  500","オレイン酸ナトリウム",,"500G",1,\13770,\13770,,,"本",\1377,
199,"PU1214271",2021/4/8 0:00:00,"キシダ化学","640-33712","酸化ガリウム(3)99.99%",,"25G",1,\13500,\13500,,,"本",\1350,
200,"PU1217295",2021/4/30 0:00:00,"ナカライ","25506-75","1-オクタノール","GR","500ML",2,\2070,\4140,,,"個",\414,
201,"PU1217292",2021/4/30 0:00:00,"東京化成販売","B0494  500","2.2-ビス(4-ヒドロキシフェニル)プロパン","EP","500G",1,\2700,\2700,,"PRTR1","本",\270,
202,"PU1218462",2021/5/13 0:00:00,"東京化成販売","E0012  500","エピクロロヒドリン","GR","500G",1,\2430,\2430,"劇物","危4/PRTR1","本",\243,
203,"PU1218461",2021/5/13 0:00:00,"富士フィルム和光純薬","012-03143","アンモニア水","S","5L",1,\4700,\4700,"劇物","第57条-2","本",\470,
204,"PU1219093",2021/5/18 0:00:00,"富士フィルム和光純薬","016-04805","L(+)-アスコルビン酸","S","500g",2,\5090,\10180,,,"本",\1018,
205,"PU1219330",2021/5/19 0:00:00,"キシダ化学","000-05735","L(+)アスコルビン酸","S","500G",2,\4320,\8640,,,"本",\864,
206,"PU1220144",2021/5/25 0:00:00,"純正化学","98222-1606","LAMBIC-771W",,,1,\19000,\19000,,,"本",\1900,
207,"PU1220144",2021/5/25 0:00:00,"純正化学","98221-1606","LAMBIC-1000W",,"100g",1,\19000,\19000,,,"個",\1900,
208,"PU1221910",2021/6/8 0:00:00,"キシダ化学","000-00233","酢酸","特級","3L",1,\3800,\3800,,,"本",\380,
209,"PU1223111",2021/6/15 0:00:00,"キシダ化学","000-70555","硝酸銀","特級","500G",5,\38000,\190000,"劇物",,"本",\19000,
210,"PU1223111",2021/6/15 0:00:00,"キシダ化学","000-18515","硫酸銅(Ⅱ)五水和物","ﾄｯｷｭｳ","500G",2,\1700,\3400,"劇物","PRTR1","本",\340,
211,"PU1223111",2021/6/15 0:00:00,"コニシ","057-28556","無水エタノール　医薬品/医療品","ﾆｯｷｮｸ","16L",1,\29400,\29400,,,"缶",\2940,
212,"PU1224640",2021/6/24 0:00:00,"キシダ化学","030-72815","けい酸ナトリウム溶液(1号)(水ガラス)",,"500G",1,\1530,\11530,,,"本",\153,
213,"PU1225218",2021/6/29 0:00:00,"日本アルコール","1349-30001-14","ソルミックス　AP-7",,"14kg",1,\6600,\6600,,"危4","缶",\660,
214,"PU1225219",2021/6/29 0:00:00,"キシダ化学","000-70555","硝酸銀","特級","500G",5,\38000,\190000,"劇物",,"本",\19000,
215,"PU1225219",2021/6/29 0:00:00,"キシダ化学","000-34105","D-グルコース","GR","500G",1,\1700,\1700,,,"本",\170,
216,"PU1225219",2021/6/29 0:00:00,"キシダ化学","000-37583","塩酸","S","4KG",1,\3400,\3400,"劇物",,"本",\340,
217,"PU1225219",2021/6/29 0:00:00,"キシダ化学","000-54483","硝酸　1.38(60%)","S","5kg",1,\3900,\3900,,,"本",\390,
218,"PU1226032",2021/7/5 0:00:00,"富士フィルム和光純薬","021-03143","アンモニア水","S","5L",2,\4700,\9400,"劇物","第57条-2","本",\940,
219,"PU1226032",2021/7/5 0:00:00,"キシダ化学","000-00233","酢酸","特級","3L",2,\3800,\7600,,,"本",\760,
220,"PU1227081",2021/7/12 0:00:00,"富士フィルム和光純薬","015-00257","酢酸","S","20KG",1,\11500,\11500,,"危4/第57条-2","缶",\1150,
221,"PU1227081",2021/7/12 0:00:00,"富士フィルム和光純薬","033-13205","酸化銅(Ⅰ), 99.5%",,"500G",1,\7700,\7700,,"第57条-2","本",\770,
222,"PU1227081",2021/7/12 0:00:00,"富士フィルム和光純薬","135-09685","酸化マンガン(Ⅳ),99.5%",,"500G",1,\6200,\6200,,"PRTR1/第57条-2","本",\620,
223,"PU1227080",2021/7/12 0:00:00,"キシダ化学","060-18305","酸化銅(Ⅰ)","ﾄｸｾｲ","500g",1,\3000,\3000,,,"本",\300,
224,"PU1227080",2021/7/12 0:00:00,"キシダ化学","000-87915","酸化亜鉛","特級","500G",1,\1600,\1600,,,"本",\160,
225,"PU1228335",2021/7/20 0:00:00,"富士フィルム和光純薬","209-01615","酸化すず(Ⅱ)",,"500G",4,\9500,\38000,,"第57条-2","本",\3800,
226,"PU1228335",2021/7/20 0:00:00,"富士フィルム和光純薬","202-01605","酸化すず(Ⅳ)",,"500G",2,\7000,\14000,,"第57条-2","本",\1400,
227,"PU1229023",2021/7/27 0:00:00,"富士フィルム和光純薬","012-03143","アンモニア水","S","5L",4,\4700,\18800,"劇物","第57条-2","本",\1880,
228,"PU1229024",2021/7/27 0:00:00,"富士フィルム和光純薬","202-01605","酸化すず(Ⅳ)",,"500G",2,\7000,\14000,,"第57条-2","本",\1400,
229,"PU1230106",2021/8/3 0:00:00,"コニシ","057-28556","無水エタノール　医薬品/医療品","ﾆｯｷｮｸ","16L",1,\29400,\29400,,,"缶",\2940,
230,"PU1233262",2021/8/26 0:00:00,"日本アルコール","1349-30001-14","ソルミックス　AP-7",,"14kg",1,\6600,\6600,,"危4","缶",\660,
231,"PU1233187",2021/8/26 0:00:00,"キシダ化学","000-70555","硝酸銀","特級","500G",5,\38000,\190000,"劇物",,"本",\19000,
232,"PU1234104",2021/9/2 0:00:00,"キシダ化学","000-37495","ヒドラジン(1水和物)、98%","ﾄｯｷｭｳ","500ML",4,\2500,\10000,"劇物","PRTR1","本",\1000,"ｲｼｶﾜｻﾏ"
233,"PU1234637",2021/9/6 0:00:00,"キシダ化学","000-37495","ヒドラジン(1水和物)、98%","ﾄｯｷｭｳ","500ML",4,\2500,\10000,"劇物","PRTR1","本",\1000,
234,"PU1235437",2021/9/10 0:00:00,"富士フィルム和光純薬","164-04837","2-プロパノール","S","14kg",2,\8800,\17600,,"危4/第57条-2","缶",\1760,
235,"PU1236201",2021/9/16 0:00:00,"高純度化学研究所","CUO01PB  1000","酸化第一銅(Ⅰ)粉末","2N","1kg",1,\15800,\15800,,,"本",\1580,
236,"PU1237546",2021/9/28 0:00:00,"富士フィルム和光純薬","135-09685","酸化マンガン(Ⅳ),99.5%",,"500G",2,\6200,\12400,,"PRTR1/第57条-2","本",\1240,
237,"PU1240678",2021/10/19 0:00:00,"キシダ化学","000-71212","オクタン酢ナトリウム","S","25G",1,\1620,\1620,,,"本",\162,"ﾂﾂｲｻﾏ"
238,"PU1241087",2021/10/21 0:00:00,"高純度化学研究所","CUO01PB  1000","酸化第一銅(Ⅰ)粉末","2N","1kg",1,\15800,\15800,,,"本",\1580,"ﾌｼﾞｻﾜｻﾏ"
239,"PU1243608",2021/11/9 0:00:00,"富士フィルム和光純薬","164-04837","2-プロパノール","S","14kg",1,\8800,\8800,,"危4/第57条-2","缶",\880,"ﾌｼﾞｻﾜｻﾏ"
240,"PU1243608",2021/11/9 0:00:00,"富士フィルム和光純薬","135-09685","酸化マンガン(Ⅳ),99.5%",,"500G",1,\6200,\6200,,"PRTR1/第57条-2","本",\620,"ﾌｼﾞｻﾜｻﾏ"
241,"PU1243608",2021/11/9 0:00:00,"富士フィルム和光純薬","209-01615","酸化すず(Ⅱ)",,"500G",1,\9500,\9500,,"第57条-2","本",\950,"ﾌｼﾞｻﾜｻﾏ"
242,"PU1244665",2021/11/16 0:00:00,"高純度化学研究所","CUO01PB  1000","酸化第一銅(Ⅰ)粉末","2N","1kg",1,\15800,\15800,,,"本",\1580,"ﾌｼﾞｻﾜｻﾏ"
243,"PU1245818",2021/11/25 0:00:00,"キシダ化学","000-70555","硝酸銀","特級","500G",8,\38000,\304000,"劇物",,"本",\30400,
244,"PU1246945",2021/12/2 0:00:00,"富士フィルム和光純薬","209-01615","酸化すず(Ⅱ)",,"500G",1,\9500,\9500,,"第57条-2","本",\950,"ﾌｼﾞｻﾜｻﾏ"
245,"PU1246945",2021/12/2 0:00:00,"富士フィルム和光純薬","135-09685","酸化マンガン(Ⅳ),99.5%",,"500G",1,\6200,\6200,,"PRTR1/第57条-2","本",\620,"ﾌｼﾞｻﾜｻﾏ"
246,"PU1249294",2021/12/16 0:00:00,"富士フィルム和光純薬","209-01615","酸化すず(Ⅱ)",,"500G",1,\9500,\9500,,"第57条-2","本",\950,"ﾌｼﾞｻﾜｻﾏ"
247,"PU1249977",2021/12/21 0:00:00,"富士フィルム和光純薬","080-01061","塩酸","S","4kg",1,\2880,\2880,"劇物","麻薬原/第57条-2","本",\288,"ﾂﾂｲｻﾏ"
248,"P97504951",2012/5/21 0:00:00,,"000-13435","ﾀﾝｻﾝｶﾙｼｳﾑ","ﾄｯｷｭｳ","500G",1,\1620,\1620,"一般",,"本",\81,
249,"P97504613",2012/5/17 0:00:00,,"000-70442","ｴﾝｶｷﾞﾝ(1)","ﾄｯｷｭｳ","25G",1,\4420,\4420,"一般",,"本",\221,
250,"P97504613",2012/5/17 0:00:00,,"000-18525","ﾘｭｳｻﾝﾄﾞｳ(2)<ﾑｽｲ>","ﾄｯｷｭｳ","500G",1,\2720,\2720,"劇物","PR1労","本",\136,
251,"P97504613",2012/5/17 0:00:00,,"000-54175","ﾘｭｳｻﾝﾆｯｹﾙ(2)6ｽｲﾜﾌﾞﾂ","ﾄｯｷｭｳ","500G",1,\2550,\2550,"一般","PR1労","本",\128,
252,"P97504613",2012/5/17 0:00:00,,"020-88025","ﾘｭｳｻﾝｱｴﾝ(ﾑｽｲ)","ｶｶﾞｸﾖｳ","500G",1,\4340,\4340,"劇物","PR-1","本",\217,
253,"P97504614",2012/5/17 0:00:00,,"000-28553","ｴﾀﾉｰﾙ(99.5)","S","3L",1,\7540,\7540,"一般","労安57","本",\377,
254,"P97504614",2012/5/17 0:00:00,,"000-37505","ﾋﾄﾞﾗｼﾞﾝ(1ｽｲﾜﾌﾞﾂ),80%","ﾄｯｷｭｳ","500ML",1,\1700,\1700,"劇物","PR1労","本",\85,
255,"P97504614",2012/5/17 0:00:00,"和光","133-08645","ﾓﾚｷｭﾗｰｼｰﾌﾞｽ","3A 1/8","500G",1,\2640,\2640,,"一般","本",\264,
256,"P97505501",2012/5/24 0:00:00,"和光","192-04696","ﾘｭｳｻﾝ","S","500ML",1,\770,\770,"劇物","労安57","本",\39,
257,"P97505501",2012/5/24 0:00:00,"和光","198-13765","ｽｲｻﾝｶﾅﾄﾘｳﾑ","S","500G",1,\1020,\1020,"劇物","労安57","本",\51,
258,"P97505501",2012/5/24 0:00:00,"和光","013-17505","10%　ｱﾝﾓﾆｱｽｲ",,"500ML",1,\1020,\1020,"一般",,"本",\51,
259,"P97505501",2012/5/24 0:00:00,"和光","080-01066","ｴﾝｻﾝ","S","500ML",1,\680,\680,"劇物","労安57","本",\34,
260,"P97507940",2012/6/13 0:00:00,,"020-70702","ｱﾘｭｳｻﾝｷﾞﾝ(Ⅰ)","ｶｶﾞｸﾖｳ","25G",1,\11050,\11050,"劇物","PR1労","本",\553,
261,"P97509233",2012/6/22 0:00:00,,"010-53805","酢酸ﾆｯｹﾙ(2)4水和物","ｲｯｷｭｳ","500G",1,\2380,\2380,"一般","PR1労","本",\119,
262,"P97509233",2012/6/22 0:00:00,"和光","031-19105","酢酸銅(Ⅱ)","1","500G",1,\5610,\5610,"劇物",,"本",\281,
263,"P97509233",2012/6/22 0:00:00,,"000-13605","水酸化ｶﾙｼｳﾑ","ﾄｯｷｭｳ","500G",1,\1190,\1190,"一般",,"本",\60,
264,"P97509233",2012/6/22 0:00:00,"和光","141-01045","塩化ﾆｯｹﾙ(Ⅱ)六水和物","S","500G",1,\3230,\3230,"一般","PR1労","本",\162,
265,"P97510570",2012/7/4 0:00:00,,"620-13365","ｶﾙｼｳﾑ",,"500G",1,\6800,\6800,"一般",,"本",\340,
266,"P97510570",2012/7/4 0:00:00,"和光","082-00421","ﾍｷｻﾝ","1","3L",1,\2980,\2980,"一般","労安57","本",\149,
267,"P97510570",2012/7/4 0:00:00,,"000-13775","酸化ｶﾙｼｳﾑ　ﾌﾝﾏﾂ","ﾄｯｷｭｳ","500G",2,\1360,\2720,"一般",,"本",\136,
268,"P97510571",2012/7/4 0:00:00,"和光","164-17821","ﾎﾟﾘｴﾁﾚﾝｲﾐﾝ(平均分子量　約10000)",,"100ML",1,\3570,\3570,"一般",,"本",\179,
269,"P97510571",2012/7/4 0:00:00,"和光","167-17811","ﾎﾟﾘｴﾁﾚﾝｲﾐﾝ(平均分子量　約1800)",,"100ML",1,\3570,\3570,"一般",,"本",\179,
270,"P97510571",2012/7/4 0:00:00,"和光","161-17831","ﾎﾟﾘｴﾁﾚﾝｲﾐﾝ(平均分子量　約600)",,"100ML",1,\3570,\3570,"一般",,"本",\179,
271,"P97511015",2012/7/6 0:00:00,"東京化成","P0471","ﾎﾟﾘﾋﾞﾆﾙﾋﾟﾛﾄﾞﾘﾝ","K 15 (粘度平均分子量10000)","25G",1,\2070,\2070,"一般",,"本",\104,
272,"P97511115",2012/7/9 0:00:00,"和光","206-12595","塩化ﾁﾀﾝ(Ⅳ)","S","500G",1,\2640,\2640,"一般",,"本",\132,
273,"P97513075",2012/7/25 0:00:00,,"000-05735","L(+)ｱｽｺﾙﾋﾞﾝ酸","S","500G",1,\3320,\3320,"一般",,"本",\166,
274,"P97513435",2012/7/26 0:00:00,"和光","191-00842","硝酸銀","1","25G",1,\4590,\4590,"劇物","PR1労","本",\230,
275,"P97513595",2012/7/27 0:00:00,"和光","057-00451","ｴﾀﾉｰﾙ(99.5%)","S","3L",1,\9000,\9000,"一般","労安57","本",\450,
276,"P97513595",2012/7/27 0:00:00,"和光","137-01823","ﾒﾀﾉｰﾙ","S","3L",1,\2940,\2940,"劇物","労安57","本",\147,
277,"P97514585",2012/8/6 0:00:00,"和光","030-05525","くえん酸","S","500G",1,\1410,\1410,"一般",,"本",\71,
278,"P97515219",2012/8/9 0:00:00,,"020-70702","亜硫酸銀(Ⅰ)","ｶｶﾞｸﾖｳ","25G",1,\11050,\11050,"劇物","PR1労","本",\553,
279,"P97515401",2012/8/10 0:00:00,"和光","191-00842","硝酸銀","1","25G",1,\4590,\4590,"劇物","PR1労","本",\230,
280,"P97515401",2012/8/10 0:00:00,"和光","167-02166","りん酸","S","500ML",1,\1320,\1320,"一般","労安57","本",\66,
281,"P97517934",2012/9/6 0:00:00,,"000-70555","硝酸銀","S","500G",1,\44400,\44400,"劇物",,"本",\2220,
282,"P97520570",2012/9/28 0:00:00,"和光","046-28985","ジプロピレングリコール(異性体混合物)","1","500ML",1,\1190,\1190,"一般",,"本",\60,
283,"P97520570",2012/9/28 0:00:00,,"010-23635","ジエチレングリコール","ｲｯｷｭｳ","500ML",1,\1020,\1020,"一般",,"本",\51,
284,"P97521122",2012/10/3 0:00:00,"和光","045-02835","炭酸ジメチル","1","500ML",1,\4680,\4680,"一般",,"本",\234,
285,"P97521122",2012/10/3 0:00:00,"和光","143-01326","硝酸銀(1.42)","S","500ML",1,\1020,\1020,"劇物","労安57","本",\51,
286,"P97522469",2012/10/15 0:00:00,"和光","013-17505","10%アンモニア水",,"500ML",1,\1020,\1020,"一般",,"本",\51,
287,"P97523091",2012/10/18 0:00:00,"和光","199-12411","銀, 粉末","106μm 99.9%","10G",1,\5270,\5270,"一般","PR1労","本",\264,
288,"P97526105",2012/11/12 0:00:00,,"020-78692","チタン(Ⅳ)エトキシド","ｶｶﾞｸﾖｳ","25G",1,\3580,\3580,"一般",,"本",\179,
289,"P97526105",2012/11/12 0:00:00,,"000-30025","けい酸エチル","S","500ML",1,\2140,\2140,,,"本",\107,
290,"P97526466",2012/11/14 0:00:00,"和光","045-02835","炭酸ジメチル","1","500ML",1,\4680,\4680,"一般",,"本",\234,
291,"P97529072",2012/12/4 0:00:00,"和光","013-17505","10%アンモニア水",,"500ML",1,\1020,\1020,"一般",,"本",\51,
292,"P97529072",2012/12/4 0:00:00,"和光","198-01315","炭酸水素ナトリウム","1","500G",1,\770,\770,"一般",,"本",\39,
293,"P97529664",2012/12/7 0:00:00,,"020-54182","硫酸ニッケル(Ⅱ)(無水)","ｶｶﾞｸﾖｳ","25G",1,\2720,\2720,"一般",,"本",\136,
294,"P97529519",2012/12/6 0:00:00,,"000-29015","エチレンカルボナート","S","500ML",1,\1790,\1790,,,"本",\90,
295,"P97529502",2012/12/6 0:00:00,,"020-70315","塩化けい素(Ⅳ)","ｶｶﾞｸﾖｳ","500ML",1,\1870,\1870,"一般",,"本",\94,
296,"P97530089",2012/12/11 0:00:00,"和光","148-03412","塩化ネオジム六水和物",,"25G",1,\3320,\3320,"一般",,"本",\166,
297,"P97530273",2012/12/12 0:00:00,,"000-40955","硫酸鉄(Ⅱ)(7水和物)(第一)","ﾄｯｷｭｳ","500G",1,\940,\940,"一般",,"本",\47,
298,"P97531829",2012/12/25 0:00:00,,"000-87725","塩化亜鉛","S","500G",1,\2040,\2040,"劇物",,"本",\102,
299,"P97531829",2012/12/25 0:00:00,,"010-17472","塩化コバルト(Ⅱ)無水","1ｷｭｳ","25G",1,\1700,\1700,"一般",,"本",\85,
300,"P97531829",2012/12/25 0:00:00,,"010-40685","塩化第二鉄","1","500G",1,\1700,\1700,"一般",,"本",\85,
301,"P97532721",2013/1/9 0:00:00,,"000-05735","L(+)アスコルビン酸","S","500G",1,\3320,\3320,"一般",,"本",\166,
302,"P97533501",2013/1/15 0:00:00,"ニラコ","781322","合金/45パーマロイ/板","0.10x200x200m","1ｺ",1,\5230,\5230,"一般",,"個",\262,
303,"P97534069",2013/1/17 0:00:00,,"010-39672","硫酸インジウム(Ⅲ)(n水和物)",,"25G",1,\4080,\4080,"一般",,"本",\204,
304,"P97534069",2013/1/17 0:00:00,,"010-78572","硫酸すず(Ⅱ)第一","1","25G",1,\1280,\1280,"劇物",,"本",\64,
305,"P97534675",2013/1/23 0:00:00,,"000-50485","N-メチル-2-ピロドリン","ﾄｯｷｭｳ","500ML",1,\2380,\2380,,,"本",\119,
306,"P97538520",2013/2/20 0:00:00,,"000-49535","メチルエチルケトン　99.5%",,"500ML",1,\850,\850,"一般",,"本",\43,
307,"P97539114",2013/2/26 0:00:00,"和光","013-17505","10%アンモニア水",,"500ML",1,\1020,\1020,"一般",,"本",\51,
308,"P97540988",2013/3/13 0:00:00,"和光","137-01823","メタノール","S","3L",1,\2940,\2940,"劇物","労安57","本",\147,
309,"P97541416",2013/3/15 0:00:00,"アズワン","1-1600-01","ビオラモマイクロチューブ　1.5ml",,,1,\1620,\1620,"一般",,"個",\81,
310,"P97541573",2013/3/18 0:00:00,"和光","137-01823","メタノール","S","3L",1,\2940,\2940,"劇物","労安57","本",\147,
311,"P97543561",2013/4/8 0:00:00,"ニラコ","T1-453385","チタン板　99.5%","0.20x150x500mm",,2,\4500,\9000,"一般",,"個",\450,
312,"P97544035",2013/4/11 0:00:00,"和光","013-17505","10%アンモニア水",,"500ML",1,\1020,\1020,"一般",,"本",\51,
313,"P97544545",2013/4/16 0:00:00,"和光","017-02875","炭酸水素アンモニウム","1","500G",1,\2000,\2000,"一般",,"本",\100,
314,"P97544774",2013/4/17 0:00:00,"キシダ化学","000-05735","L(+)アスコルビン酸","S","500G",1,\3320,\3320,"一般",,"本",\166,
315,"P97545496",2013/4/23 0:00:00,"和光","141-01202","ニコチンアミド","S","25G",1,\1530,\1530,"一般",,"本",\77,
316,"P97545496",2013/4/23 0:00:00,"和光","136-08152","カルバミド酸メチル","S","25G",1,\3150,\3150,"一般",,"本",\158,
317,"P97545496",2013/4/23 0:00:00,"和光","133-13351","N-メチルアセトアミド",,"100G",1,\2810,\2810,"一般",,"本",\141,
318,"P97545895",2013/4/25 0:00:00,"アルドリッチ","M31104-25ML","alpha-Methylbenzylamine, 99%","ALDRICH","25ML",1,\1800,\1800,"一般",,"本",\90,
319,"P97545895",2013/4/25 0:00:00,"東京化成","B0809","ブチルアミド","GR","25G",1,\2810,\2810,"一般",,"本",\141,
320,"P97546461",2013/5/2 0:00:00,"和光","013-17505","10%アンモニア水",,"500ML",1,\1020,\1020,"一般",,"本",\51,
321,"P97547043",2013/5/10 0:00:00,"和光","137-01823","メタノール","S","3L",1,\2940,\2940,"劇物","労安57","本",\147,
322,"P97547246",2013/5/10 0:00:00,"和光","015-09576","アセトアルデヒド","1","500ML",1,\3150,\3150,"一般","PR1労","本",\158,
323,"P97547626",2013/5/14 0:00:00,"ニラコ","AG-403381","銀/板","0.20x100x100mm 99.98%","1ﾏｲ",1,\6400,\6400,"一般",,"個",\320,
324,"P97547769",2013/5/15 0:00:00,"キシダ化学","010-18135","塩化銅(Ⅰ)","ｲｯｷｭｳ","500G",1,\3570,\3570,"劇物",,"本",\179,
325,"P97548139",2013/5/17 0:00:00,"ニラコ","ZN-483463","亜鉛/板","0.50x300x300mm 99.5%","1ﾏｲ",1,\7120,\7120,"一般",,"個",\356,
326,"P97549021",2013/5/23 0:00:00,,"ZN38S","陽極亜鉛　38平","20x100x380mm　ﾄｳﾎｳｱｴﾝ","5.3KG",1,\13500,\13500,"一般",,"個",\675,
327,"P97549511",2013/5/28 0:00:00,"和光","137-01823","メタノール","S","3L",1,\2940,\2940,"劇物","労安57","本",\147,
328,"P97549696",2013/5/29 0:00:00,"キシダ化学","000-05735","L(+)アスコルビン酸","S","500G",1,\3320,\3320,"一般",,"本",\166,
329,"P97549728",2013/5/29 0:00:00,"和光","012-00245","酢酸","SSG","500G",1,\1410,\1410,"一般","労安57","本",\71,
330,"P97549864",2013/5/30 0:00:00,"キシダ化学","000-18525","リュウサンドウ(2)<ムスイ>","ﾄｯｷｭｳ","500G",1,\2720,\2720,"劇物","PR1労","本",\136,
331,"P97550066",2013/5/31 0:00:00,"和光","198-13765","水酸化ナトリウム","S","500G",1,\1110,\1110,"劇物","労安57","本",\56,
332,"P97550038",2013/5/31 0:00:00,"和光","013-17505","10%アンモニア水",,"500ML",1,\1020,\1020,"一般",,"本",\51,
333,"P97550404",2013/6/4 0:00:00,"キシダ化学","000-37495","ヒドラジン1水和物","ﾄｯｷｭｳ","500ML",1,\2130,\2130,,,"本",\107,
334,"P97550442",2013/6/4 0:00:00,,"07487-30","炭酸銅(Ⅱ)(塩基性)","S","25G",1,\1620,\1620,"劇物","労安57","個",\81,
335,"P97550441",2013/6/4 0:00:00,"キシダ化学","000-72962","硫化ナトリウム(9水和物)","ﾄｯｷｭｳ","25G",1,\1020,\1020,"一般","労安57","本",\51,
336,"P97551417",2013/6/10 0:00:00,"キシダ化学","010-78405","塩化スズ(Ⅳ)(5水和物)(第2)",,"500G",1,\3400,\3400,"劇物","労安57","本",\170,
337,"P97551471",2013/6/11 0:00:00,"和光","054-00461","エタノール(99.5%)","1","3L",1,\8080,\8080,"一般","労安57","本",\404,
338,"P97552151",2013/6/17 0:00:00,"和光","039-19145","塩基性炭酸銅(Ⅱ)","1","500G",1,\3910,\3910,"劇物","労安57","本",\196,
339,"P97552151",2013/6/17 0:00:00,"和光","037-04212","水酸化銅(Ⅱ)","PRG","25G",1,\1870,\1870,"一般","労安57","本",\94,
340,"P97552508",2013/6/19 0:00:00,"和光","162-04816","1-プロパノール","S","500ML",1,\1120,\1120,"一般","労安57","本",\56,
341,"P97552508",2013/6/19 0:00:00,"和光","026-03326","1-ブタノール","S","500ML",1,\900,\900,"一般","労安57","本",\45,
342,"P97558950",2013/8/7 0:00:00,"和光","137-01823","メタノール","S","3L",1,\2940,\2940,"劇物","労安57","本",\147,
343,"P97561634",2013/9/2 0:00:00,"和光","194-02635","オレイン酸ナトリウム","PRG","500G",1,\3900,\3900,"一般",,"本",\195,
344,"P97561634",2013/9/2 0:00:00,"和光","198-01072","酢酸ナトリウム","S","25G",1,\980,\980,"一般",,"本",\49,
345,"P97561634",2013/9/2 0:00:00,"和光","017-02875","炭酸水素ナトリウム","1","500G",1,\2000,\2000,"一般",,"本",\100,
346,"P97563132",2013/9/13 0:00:00,"キシダ化学","020-88362","ジルコニウムn-プロポキシド(70% 1-プロパノール溶液)","ｶｶﾞｸﾖｳ","25G",1,\2540,\2540,"一般",,"本",\127,
347,"P97565206",2013/10/1 0:00:00,"和光","031-19105","酢酸銅(Ⅱ)","1","500G",1,\5610,\5610,"劇物",,"本",\281,
348,"P97565220",2013/10/1 0:00:00,"和光","159-00246","オレイン酸","1","500ML",1,\1360,\1360,"一般",,"本",\68,
349,"P97560678",2013/8/23 0:00:00,"和光","016-04805","L(+)-アスコルビン酸","S","500G",1,\4590,\4590,"一般",,"本",\230,
350,"P97562915",2013/9/11 0:00:00,"和光","081-00516","1-ヘキサノール","S","500ML",1,\2210,\2210,"一般",,"本",\111,
351,"P97563670",2013/9/18 0:00:00,"キシダ化学","020-88232","塩化ジルコニウム(Ⅳ)(無水)",,"25G",1,\1530,\1530,,,"本",\77,
352,"P97563669",2013/9/18 0:00:00,"キシダ化学","010-48666","メタノール","1ｷｭｳ","14KG",1,\2800,\2800,"劇物","労安57","缶",\140,
353,"P97566540",2013/10/9 0:00:00,"和光","204-01866","トルエン","S","500ML",1,\640,\640,"劇物","PR1労","本",\32,
354,"P97567622",2013/10/17 0:00:00,"和光","136-01837","メタノール","1","14KG",1,\3240,\3240,"劇物","労安57","缶",\162,
355,"P97567622",2013/10/17 0:00:00,"和光","000-37495","ヒドラジン(1水和物)、98%","ﾄｯｷｭｳ","500ML",1,\2130,\2130,"劇物","PR-1","本",\107,
356,"P97569330",2013/10/30 0:00:00,"和光","031-19105","酢酸銅(Ⅱ)","1","500G",1,\5610,\5610,"劇物",,"本",\281,
357,"P97568873",2013/10/29 0:00:00,"キシダ化学","010-14185","ヘキサン酸","1ｷｭｳ","500ML",1,\2210,\2210,"一般",,"本",\111,
358,"P97569689",2013/11/5 0:00:00,"和光","027-01276","ベンジルアルコール","S","500ML",1,\1700,\1700,"一般",,"本",\85,
359,"P97570161",2013/11/6 0:00:00,,"37138-32","N-ヘキサン酸ナトリウム",,"25G",1,\2760,\2760,"一般",,"本",\138,
360,"P97570946",2013/11/12 0:00:00,"和光","198-13765","水酸化ナトリウム","S","500G",2,\1110,\2220,"劇物","労安57","本",\111,
361,"P97570349",2013/11/7 0:00:00,"三津和化学薬品","6074-84-6","タンタル(Ⅴ)エトキシド","5N","25G",1,\16900,\16900,"一般",,"本",\845,
362,"P97571137",2013/11/13 0:00:00,"和光","017-02875","炭酸水素アンモニウム","1","500G",1,\2000,\2000,"一般",,"本",\100,
363,"P97571137",2013/11/13 0:00:00,"和光","198-01315","炭酸水素ナトリウム","1","500G",1,\770,\770,"一般",,"本",\39,
364,"P97571137",2013/11/13 0:00:00,"和光","113-00066","ケロシン",,"500ML",1,\810,\810,"一般","労安57","本",\41,
365,"P97571918",2013/11/19 0:00:00,"キシダ化学","020-88362","ジルコニウムn-プロポキシド(70% 1-プロパノール溶液)","ｶｶﾞｸﾖｳ","25G",2,\2540,\2540,"一般",,"本",\254,
366,"P97571919",2013/11/19 0:00:00,"和光","098-01085","硫酸鉄(Ⅱ)七水和物","S","500G",1,\1190,\1190,"一般","労安57","本",\60,
367,"P97572205",2013/11/21 0:00:00,"和光","162-04816","1-プロパノール","S","500ML",2,\1120,\2240,"一般","労安57","本",\112,
368,"P97572205",2013/11/21 0:00:00,"和光","091-01075","硫酸鉄(Ⅲ)n水和物","1","500G",1,\2470,\2470,"一般","労安57","本",\124,
369,"P97574784",2013/12/10 0:00:00,"東京化成","D0024","デカン酸ナトリウム","EP","25G",1,\3320,\3320,"一般",,"本",\166,
370,"P97574784",2013/12/10 0:00:00,"東京化成","H0112","ヘキサン酸ナトリウム","EP","25G",1,\2550,\2550,"一般",,"本",\128,
371,"P97574791",2013/12/10 0:00:00,"キシダ化学","010-5305","塩化アンチモン(Ⅲ)","1","500G",1,\3320,\3320,"一般",,"本",\166,
372,"P97574914",2013/12/11 0:00:00,"和光","013-17505","10%アンモニア水",,"500ML",1,\1020,\1020,"一般",,"本",\51,
373,"P97575619",2013/12/16 0:00:00,"キシダ化学","000-87725","塩化亜鉛","S","500G",1,\2040,\2040,"劇物",,"本",\102,
374,"P97575832",2013/12/18 0:00:00,,"W10","L-アスコルビン酸　W10(食品添加物)","ｲｹﾀﾞﾔｸｿｳ","10KG",1,\15400,\15400,"一般",,"個",\770,
375,"P97576211",2013/12/19 0:00:00,"和光","027-01276","ベンジルアルコール","S","500ML",1,\1700,\1700,"一般",,"本",\85,
376,"P97576542",2013/12/20 0:00:00,"東京化成","D0024","デカン酸ナトリウム","EP","25G",2,\3320,\6640,"一般",,"本",\332,
377,"P97576542",2013/12/20 0:00:00,"キシダ化学","010-71912","ラウリン酸ナトリウム","1","25G",2,\1700,\3400,"一般",,"本",\170,
378,"P97576542",2013/12/20 0:00:00,"東京化成","N0291","ノナン酸ナトリウム",,"25G",1,\4680,\4680,"一般",,"本",\234,
379,"P97576542",2013/12/20 0:00:00,"キシダ化学","000-76285","テレフタル酸","S","500G",1,\1960,\1960,"一般","PR1労","本",\98,
380,"P97576539",2013/12/20 0:00:00,"和光","033-01073","デカン酸","1","25ML",1,\810,\810,"一般",,"本",\41,
381,"P97576539",2013/12/20 0:00:00,"キシダ化学","010-43782","ドデカン酸","１","25G",1,\1020,\1020,"一般",,"本",\51,
382,"P97576539",2013/12/20 0:00:00,"東京化成","H0112","ヘキサン酸ナトリウム","EP","25G",2,\2550,\5100,"一般",,"本",\255,
383,"P97576539",2013/12/20 0:00:00,"キシダ化学","000-71212","オクタン酸ナトリウム","S","25G",2,\1360,\2720,"一般",,"本",\136,
384,"P97576537",2013/12/20 0:00:00,"キシダ化学","010-14182","ヘキサン酸","1","25ML",1,\1110,\1110,"一般",,"本",\56,
385,"P97576537",2013/12/20 0:00:00,"和光","084-00182","ヘプタン酸","S","25ML",1,\1110,\1110,"一般",,"本",\56,
386,"P97576537",2013/12/20 0:00:00,"キシダ化学","230-14262","オクタン酸","98%","25ML",1,\1280,\1280,"一般",,"本",\64,
387,"P97576537",2013/12/20 0:00:00,"和光","142-02692","ノナン酸","1","25G",1,\1410,\1410,"一般",,"本",\71,
388,"P97576550",2013/12/20 0:00:00,"和光","031-19105","酢酸銅(Ⅱ)(無水)","1","500G",1,\5610,\5610,"劇物",,"本",\281,
389,"P97576847",2013/12/25 0:00:00,"三津和化学薬品","7446-32-4","硫酸アンチモン(Ⅲ)(塩基性含有)",,"25G",1,\3480,\3480,"劇物",,"本",\174,
390,"P97576847",2013/12/25 0:00:00,"キシダ化学","010-78572","硫酸すず(Ⅱ)(第一)","1","25G",1,\1280,\1280,"劇物",,"本",\64,
391,"P97577199",2013/12/26 0:00:00,"和光","136-03135","テレフタル酸ジメチル","S","500G",1,\2640,\2640,"一般","PR-1","本",\132,
392,"P97577290",2014/1/6 0:00:00,"和光","136-01837","メタノール","1","14KG",1,\3240,\3240,"劇物","労安57","缶",\162,
393,"P97577616",2014/1/7 0:00:00,"和光","191-01665","塩化ナトリウム","S","500G",1,\730,\730,"一般",,"本",\37,
394,"P97577616",2014/1/7 0:00:00,"キシダ化学","000-73535","ステアリン酸","S","500G",1,\1450,\1450,"一般",,"本",\73,
395,"P97577616",2014/1/7 0:00:00,"キシダ化学","000-71745","水酸化ナトリウム","S","500G",1,\770,\770,"劇物",,"本",\39,
396,"P97577797",2014/1/8 0:00:00,"キシダ化学","020-88025","硫酸亜鉛(無水)","ｶｶﾞｸﾖｳ","500G",1,\4340,\4340,"劇物","PR-1","本",\217,
397,"P97578464",2014/1/14 0:00:00,,"1261-2102","フレーク　か性ソーダ","ｶﾝﾄｳﾃﾞﾝｶ","25KG",1,\3800,\3800,"劇物",,"個",\190,
398,"P97578465",2014/1/14 0:00:00,,"7782-63-0","硫酸第一鉄・7水塩","ﾃｲｶ","25KG",1,\5600,\5600,"一般",,"袋",\280,
399,"P97578468",2014/1/15 0:00:00,"和光","087-01071","塩酸","1","4KG",1,\2720,\2720,"劇物","労安57","本",\136,
400,"P97578803",2014/1/16 0:00:00,"キシダ化学","020-72875","ステアリン酸ナトリウム","ｶｶﾞｸﾖｳ","500G",1,\1790,\1790,"一般",,"本",\90,
401,"P97578676",2014/1/16 0:00:00,"キシダ化学","000-13475","塩化カルシウム(無水)","S","500G",1,\1960,\1960,"一般",,"本",\98,
402,"P97578804",2014/1/16 0:00:00,"和光","162-04816","1-プロパノール","S","500ML",1,\1120,\1120,"一般","労安57","本",\56,
403,"P97578804",2014/1/16 0:00:00,"和光","026-03326","1-ブタノール","S","500ML",1,\900,\900,"一般","労安57","本",\45,
404,"P97579679",2014/1/22 0:00:00,,"7646-85-7","塩化亜鉛",,"25KG",1,\19500,\19500,"劇物",,"個",\975,
405,"P97579676",2014/1/22 0:00:00,"キシダ化学","000-37495","ヒドラジン(1水和物)、98%","ﾄｯｷｭｳ","500ML",1,\2130,\2130,"劇物","PR-1","本",\107,
406,"P97579677",2014/1/22 0:00:00,"東京化成","D0024","デカン酸ナトリウム","EP","25G",2,\3320,\6640,"一般",,"本",\332,
407,"P97581077",2014/1/31 0:00:00,"和光","136-01837","メタノール","1","14KG",1,\3240,\3240,"劇物","労安57","缶",\162,
408,"P97581957",2014/6/6 0:00:00,"和光","032-04262","オレイン酸銅()",,"25G",1,\4000,\4000,"一般","労安57","本",\200,
409,"P97582146",2014/2/7 0:00:00,"キシダ化学","000-37495","ヒドラジン(1水和物)、98%","ﾄｯｷｭｳ","500ML",1,\2130,\2130,"劇物","PR-1","本",\107,
410,"P97582739",2014/2/13 0:00:00,"キシダ化学","000-88015","硫酸亜鉛(7水和物)","S","500G",1,\940,\940,"劇物","PR-1","本",\47,
411,"P97583353",2014/2/18 0:00:00,"東京化成","D0024","デカン酸ナトリウム","EP","25G",2,\3320,\6640,"一般",,"本",\332,
412,"P97583655",2014/2/19 0:00:00,"東亜合成","A-6114","水溶性アクリル系分散剤　アロンA-6114",,"20KG",1,\39000,\39000,"一般",,"缶",\1950,
413,"P97584634",2014/2/26 0:00:00,"和光","027-01276","ベンジルアルコール","S","500ML",1,\1800,\1800,"一般",,"本",\90,
414,"P97585114",2014/3/4 0:00:00,"キシダ化学","010-64775","1-プロパノール","1","500ML",1,\940,\940,"一般","労安57","本",\47,
415,"P97585944",2014/3/7 0:00:00,,"3207","重炭酸アンモニウム","ｼｮｸﾃﾝﾖｳ","25KG",1,\7500,\7500,"一般",,"個",\375,
416,"P97586025",2014/3/10 0:00:00,"和光","055-00996","エチレングリコール","1","500ML",1,\1020,\1020,"一般","労安57","本",\51,
417,"P97586782",2014/3/14 0:00:00,"キシダ化学","010-71535","ふっ化ナトリウム","1","500G",1,\4260,\4260,"一般","PR1労","本",\213,
418,"P97586782",2014/3/14 0:00:00,"キシダ化学","010-46905","硫酸マグネシウム(7水和物)","1","500G",2,\680,\1360,"一般",,"本",\68,
419,"P97586782",2014/3/14 0:00:00,"キシダ化学","010-46615","塩化マグネシウム(6水和物)","1","500G",2,\1020,\2040,"一般",,"本",\102,
420,"P97587879",2014/3/25 0:00:00,"キシダ化学","030-72815","けい酸ナトリウム溶液(1号)(水ガラス)",,"500G",1,\1120,\1120,"一般",,"本",\56,
421,"P97587880",2014/3/25 0:00:00,"キシダ化学","010-64776","1-プロパノール","1","14KG",1,\10400,\10400,"一般","労安57","缶",\520,
422,"P97587881",2014/3/25 0:00:00,,"W10","L-アスコルビン酸　W10(食品添加物)","ｲｹﾀﾞﾔｸｿｳ","10KG",1,\15400,\15400,"一般",,"個",\770,
423,"P97588919",2014/4/3 0:00:00,"和光","135-00202","ふっ化マグネシウム","S","25G",1,\2550,\2550,"一般","PR-1","本",\204,
424,"P97588768",2014/4/2 0:00:00,"キシダ化学","010-71535","ふっ化ナトリウム","1","500G",1,\4260,\4260,"一般","PR1労","本",\341,
425,"P97588768",2014/4/2 0:00:00,"キシダ化学","010-46905","硫酸マグネシウム(7水和物)","1","500G",2,\680,\1360,"一般",,"本",\109,
426,"P97588568",2014/4/1 0:00:00,"和光","033-01073","デカン酸(n-カプリン酸)","1","25ML",1,\810,\810,"一般",,"本",\65,
427,"P97590314",2014/4/15 0:00:00,"キシダ化学","000-30025","けい酸エチル","S","500ML",1,\2130,\2130,,,"本",\170,
428,"P97592487",2014/5/8 0:00:00,"三協化学","2769-30021-00","エタコール　7",,"14KG",1,\6600,\6600,"一般",,"缶",\528,
429,"P97593678",2014/5/15 0:00:00,"和光","136-01837","メタノール","1","14KG",1,\3240,\3240,"劇物","労安57","缶",\259,
430,"P97593882",2014/5/16 0:00:00,"和光","057-00451","エタノール(99.5)","S","3L",1,\9180,\9180,"一般","労安57","本",\734,
431,"P97593882",2014/5/16 0:00:00,"キシダ化学","010-71535","ふっ化ナトリウム","1","500G",1,\4250,\4250,"一般","PR1労","本",\340,
432,"P97593882",2014/5/16 0:00:00,"キシダ化学","010-46905","硫酸マグネシウム(7水和物)","1","500G",3,\680,\2040,"一般",,"本",\163,
433,"P97597432",2014/6/12 0:00:00,,"140411-2","結晶硫マグ(精製)(硫酸マグネシウム7水和物)","ﾅｲｶｲｴﾝｷﾞｮｳ","25KG",1,\2800,\2800,"一般",,"袋",\224,
434,"P97597681",2014/6/13 0:00:00,,"04266","ふっ化ナトリウム",,"25KG",1,\15000,\15000,"一般",,"個",\1200,
435,"P97598423",2014/6/19 0:00:00,"和光","037-01076","デカン酸","1","500ML",1,\2210,\2210,"一般",,"本",\177,
436,"P97599540",2014/6/27 0:00:00,"和光","136-01837","メタノール","1","14KG",1,\3240,\3240,"劇物","労安57","缶",\259,
437,"P97600064",2014/7/2 0:00:00,,"37318-20","塩化すず(Ⅱ)二水和物","S","100G",1,\2660,\2660,"劇物","労安57","本",\213,
438,"P97601238",2014/7/10 0:00:00,"キシダ化学","000-30026","けい酸エチル(テトラエトキシシラン)","S","15KG",1,\35000,\35000,"一般","労安57","缶",\2800,
439,"P97602220",2014/7/17 0:00:00,"キシダ化学","010-78502","しゅう酸すず(Ⅱ), 95%","1","25G",1,\1190,\1190,"劇物","PR1労","本",\95,
440,"P97602933",2014/7/24 0:00:00,"キシダ化学","020-78512","酸化すず(Ⅱ)[第一]","ｶｶﾞｸﾖｳ","25G",1,\1020,\1020,"一般",,"本",\82,
441,"P97611505",2014/10/2 0:00:00,,"25183-70","メタノール","S","3L",1,\3520,\3520,"劇物","労安57","本",\282,
442,"P97611505",2014/10/2 0:00:00,,"25258-70","2-ブタノン","S","3L",1,\5700,\5700,"劇物","労安57","本",\456,
443,"P97613661",2014/10/17 0:00:00,"アズワン","1-1254-05","pH試験紙ロールタイプpH5.5-9.0",,,1,\880,\880,"一般",,"個",\70,
444,"P97613661",2014/10/17 0:00:00,"和光","136-01837","メタノール","1","14KG",1,\3240,\3240,"劇物","労安57","缶",\259,
445,"P97615120",2014/10/28 0:00:00,"川研ファインケミ","A-SDE","アミゾール　SDE",,"17KG",1,\14000,\14000,"一般",,"缶",\1120,
446,"P97615120",2014/10/28 0:00:00,"川研ファインケミ","A-LDE-G","アミゾール　LDE-G",,"17KG",1,\15000,\15000,"一般",,"缶",\1200,
447,"P97616515",2014/11/7 0:00:00,"キシダ化学","000-37495","ヒドラジン(1水和物)、98%","ﾄｯｷｭｳ","500ML",4,\2210,\8840,"劇物","PR-1","本",\707,
448,"P97617200",2014/11/12 0:00:00,"和光","136-01837","メタノール","1","14KG",1,\3240,\3240,"劇物","労安57","缶",\259,
449,"P97620598",2014/12/5 0:00:00,"和光","136-01837","メタノール","1","14KG",1,\3240,\3240,"劇物","労安57","缶",\259,
450,"P97620900",2014/12/9 0:00:00,,"W10","L-アスコルビン酸　W10(食品添加物)","ｲｹﾀﾞﾔｸｿｳ","10KG",1,\15400,\15400,"一般",,"個",\1232,
451,"P97622757",2014/12/19 0:00:00,"キシダ化学","010-18035","酢酸銅(Ⅱ)(1水和物)","1","500G",1,\2300,\2300,"劇物","PR1労","本",\184,
452,"P97623258",2014/12/25 0:00:00,"三協化学","2769-30021-00","エタコール　7",,"14KG",1,\6600,\6600,"一般",,"缶",\528,
453,"P97626211",2015/1/23 0:00:00,"三協化学","2769-30021-00","エタコール　7",,"14KG",2,\6600,\13200,"一般",,"缶",\1056,
454,"P97626562",2015/1/27 0:00:00,,"50-81-7","ビタミンC",,"25KG",1,\31500,\31500,"一般",,"個",\2520,
455,"P97628429",2015/2/6 0:00:00,"三協化学","2769-30021-00","エタコール　7",,"14KG",2,\6600,\13200,"一般",,"缶",\1056,
456,"P97630845",2015/2/26 0:00:00,"三協化学","2769-30021-00","エタコール　7",,"14KG",2,\6600,\13200,"一般",,"缶",\1056,
457,"P97634017",2015/3/24 0:00:00,"三協化学","2769-30021-00","エタコール　7",,"14KG",1,\6600,\6600,"一般",,"缶",\528,
458,"P97638015",2015/4/24 0:00:00,"キシダ化学","010-44925","塩化リリチウム","1ｷｭｳ","500G",1,\3660,\3660,"一般",,"本",\293,"ｲｼｶﾜｻﾏ"
459,"P97638015",2015/4/24 0:00:00,"キシダ化学","000-63435","塩化カリウム",,"500G",1,\1020,\1020,,,"本",\82,
460,"P97641488",2015/5/27 0:00:00,"キシダ化学","000-72505","リン酸2水素ナトリウム2水和物","ﾄｯｷｭｳ","500G",1,\1440,\1440,"一般",,"本",\115,
461,"P97643433",2015/6/10 0:00:00,"和光","098-01085","硫酸鉄(Ⅱ)七水和物","S","500G",1,\1300,\1300,"一般","労安57","本",\104,
462,"P97643433",2015/6/10 0:00:00,"和光","094-01065","硫酸鉄(Ⅲ)n水和物","S","500G",1,\3780,\3780,"一般","労安57","本",\302,
463,"P97644354",2015/6/17 0:00:00,"キシダ化学","730-78315","スズ　粉末　200メッシュ",,"500G",1,\5670,\5670,,,"本",\454,"ｲｼｶﾜｻﾏ"
464,"P97645735",2015/6/26 0:00:00,"ニラコ","SN-441546","スズ/線",,"5M",1,\4600,\4600,"一般",,"個",\368,"ｲｼｶﾜｻﾏ"
465,"P97645733",2015/6/26 0:00:00,"キシダ化学","000-02425","塩化アルミニウム","S","500G",1,\1800,\1800,,,"本",\144,"ｲｼｶﾜｻﾏ"
466,"P97646159",2015/7/1 0:00:00,"ニラコ","AL-012548","アルミニウム/角棒","2.0x2.0x500mm",,2,\1800,\3600,"一般",,"個",\288,
467,"P97648447",2015/7/17 0:00:00,,"W10","L-アスコルビン酸　W10(食品添加物)","ｲｹﾀﾞﾔｸｿｳ","10KG",1,\15400,\15400,"一般",,"個",\1232,
468,"P97650659",2015/8/5 0:00:00,"和光","141-01361","硝酸(1.38)","S","5KG",1,\2900,\2900,"劇物","労安57","本",\232,"ｲｼｶﾜｻﾏ"
469,"P97650660",2015/8/5 0:00:00,"和光","199-01585","炭酸ナトリウム","S","500G",1,\1190,\1190,"一般",,"本",\95,
470,"P97652012",2015/8/19 0:00:00,"キシダ化学","000-02515","硫酸アルミニウム(9水和物)","S","500G",1,\1360,\1360,"一般",,"本",\109,
471,"P97655114",2015/9/11 0:00:00,"日本無機化学工業","2646-30049-22","モリブデン酸アンモニウム",,"1KG",1,\4500,\4500,"一般",,"個",\360,"ｲｼｶﾜｻﾏ"
472,"P97656247",2015/9/24 0:00:00,,"2102","苛性ソーダ(フレーク)",,"25KG",1,\3200,\3200,"劇物",,"個",\256,
473,"P97656685",2015/9/28 0:00:00,"キシダ化学","000-34105","D-グルコース","GR","500G",1,\1150,\1150,"一般",,"本",\92,"ｲｼｶﾜｻﾏ"
474,"P97658392",2015/10/9 0:00:00,"キシダ化学","010-71247","炭酸ナトリウム　無水","1","25KG",1,\8000,\8000,"一般",,"個",\640,
475,"P97659170",2015/10/16 0:00:00,"キシダ化学","000-34106","D(+)-グルコース","S","10KG",1,\8000,\8000,"一般",,"本",\640,
476,"P97659748",2015/10/21 0:00:00,,"50-81-7","ビタミンC",,"25KG",1,\31500,\31500,"一般",,"個",\2520,
477,"P97661680",2015/11/5 0:00:00,"和光","163-04846","2-プロパノール","1","500ML",1,\650,\650,"一般","労安57","本",\52,"ｲｼｶﾜｻﾏ"
478,"P97664482",2015/11/26 0:00:00,"アズワン","2-872-04","定性濾紙10312.5",,,1,\350,\350,"一般",,"個",\28,
479,"P97668087",2015/12/22 0:00:00,"和光","128-01215","水酸化リチウム一水和物","S","500G",1,\3900,\3900,"一般","労安57","本",\312,
480,"P97668945",2016/1/6 0:00:00,"JX金属商事","2977-00001-21","ユピノーグ",,"20KG",20,\580,\11600,,,"kg",\928,
481,"P97672462",2016/2/1 0:00:00,"和光","049-21535","デカナール","ｶｶﾞｸﾖｳ","500ML",1,\7000,\7000,"一般",,"本",\560,
482,"P97672462",2016/2/1 0:00:00,"和光","058-00986","エチレングリコール","S","500ML",1,\1300,\1300,"一般","労安57","本",\104,
483,"P97673662",2016/2/9 0:00:00,"和光","159-00246","オレイン酸","1","500ML",1,\1360,\1360,"一般",,"本",\109,
484,"P97675564",2016/2/24 0:00:00,"和光","087-01071","塩酸","1","4KG",1,\2720,\2720,"劇物","労安57","本",\218,"ｲｼｶﾜｻﾏ"
485,"P97677391",2016/3/9 0:00:00,"和光","161-05006","プロピレングリコール","1","500ML",1,\1150,\1150,"一般",,"本",\92,
486,"P97679091",2016/3/25 0:00:00,"和光","087-01071","塩酸","1","4KG",1,\2720,\2720,"劇物","労安57","本",\218,
487,"P97679091",2016/3/25 0:00:00,"和光","148-01371","硝酸(1.38)","1","5KG",1,\3400,\3400,"劇物","労安57","本",\272,
488,"P97679090",2016/3/25 0:00:00,"和光","160-04817","1-プロパノール","S","14KG",1,\13000,\13000,"一般","労安57","缶",\1040,
489,"P97680320",2016/4/6 0:00:00,"和光","207-07995","テルピネオール(異性体混合物)","1","500G",1,\2500,\2500,"一般",,"本",\200,
490,"P97681198",2016/4/13 0:00:00,"和光","139-00565","DL-りんご酸","S","500G",1,\1650,\1650,"一般",,"本",\132,
491,"P97681198",2016/4/13 0:00:00,"和光","122-01936","乳酸","ｼｮｸﾋﾝﾃﾝｶﾌﾞ","500ML",1,\2300,\2300,"一般",,"本",\184,
492,"P97681198",2016/4/13 0:00:00,"和光","195-05965","乳酸ナトリウム","ｼｮｸﾋﾝﾃﾝｶﾌﾞ","500G",1,\3050,\3050,"一般",,"本",\244,
493,"P97682952",2016/4/27 0:00:00,"キシダ化学","000-18255","硝酸銅(Ⅱ)(3水和物)",,"500G",1,\1900,\1900,"劇物","PR-1","本",\152,"ｲｼｶﾜｻﾏ"
494,"P97682953",2016/4/27 0:00:00,"和光","087-01071","塩酸","1","4KG",1,\2720,\2720,"劇物","労安57","本",\218,
495,"P97683953",2016/5/11 0:00:00,"和光","041-23256","デカン酸","S","500ML",1,\2970,\2970,"一般",,"本",\238,"ｲｼｶﾜｻﾏ"
496,"P97683954",2016/5/11 0:00:00,"和光","053-00936","エチレンジアミン","S","500ML",1,\1700,\1700,"一般","PR1労","本",\136,"ｲｼｶﾜｻﾏ"
497,"P97686614",2016/6/1 0:00:00,,"1417","塩酸","ｺｳｷﾞｮｳﾖｳ","20KG",1,\2000,\2000,"劇物","労安57","缶",\160,
498,"P97687182",2016/6/6 0:00:00,"和光","204-01866","トルエン","S","500ML",2,\640,\1280,"劇物","PR1労","本",\102,
499,"P97693796",2016/7/27 0:00:00,"和光","159-00246","オレイン酸","1","500ML",1,\1360,\1360,"一般",,"本",\109,
500,"P97696994",2016/8/24 0:00:00,"和光","159-00246","オレイン酸","1","500ML",1,\1360,\1360,"一般",,"本",\109,
502,"P97698788",2016/9/7 0:00:00,"和光","133-06962","メチレンブルー","S","25G",1,\3450,\3450,"一般",,"本",\276,"ｲｼｶﾜｻﾏ"
503,"P97700608",2016/9/21 0:00:00,"キシダ化学","010-87865","硝酸亜鉛　六水和物","1ｷｭｳ","500G",1,\1600,\1600,"一般",,"本",\128,
504,"P97701477",2016/9/28 0:00:00,"和光","159-00246","オレイン酸","1","500ML",1,\1360,\1360,"一般",,"本",\109,
505,"P97701397",2016/9/28 0:00:00,"和光","163-04846","2-プロパノール","1","500ML",1,\750,\750,"一般","労安57","本",\60,
506,"P97705149",2016/10/26 0:00:00,"和光","166-04831","2-プロパノール","S","3L",1,\3700,\3700,"一般","労安57","本",\296,
507,"P97705810",2016/11/1 0:00:00,"和光","197-08085","ラウリン酸ナトリウム","ｶｶﾞｸﾖｳ","500G",1,\3400,\3400,"一般",,"本",\272,
508,"P97706195",2016/11/4 0:00:00,"和光","131-08185","1-メトキシ-2-プロパノール","S","500ML",2,\1950,\3900,"一般","労安57","本",\312,
509,"P97706782",2016/11/9 0:00:00,"和光","133-02506","2-ブタノン","1","500ML",1,\900,\900,"劇物","労安57","本",\72,
510,"P97707234",2016/11/11 0:00:00,"和光","153-00266","オレイルアルコール","ｶｶﾞｸﾖｳ","500ML",1,\3300,\3300,"一般",,"本",\264,"ｲｼｶﾜｻﾏ"
511,"P97708165",2016/11/18 0:00:00,"キシダ化学","010-77275","チタン(4)イソプロポキシド","1","500ML",1,\3250,\3250,"一般",,"本",\260,
512,"P97708166",2016/11/18 0:00:00,"和光","144-06591","ニオブ(Ⅴ)エトキシド, 99.9%",,"10G",1,\11000,\11000,"一般",,"本",\880,
513,"P97709042",2016/11/25 0:00:00,"和光","159-00246","オレイン酸","1","500ML",1,\1360,\1360,"一般",,"本",\109,
514,"P97710189",2016/12/2 0:00:00,"和光","159-00246","オレイン酸","1","500ML",2,\1360,\2720,"一般",,"本",\218,"ｼﾊﾞｻﾏ"
515,"P97710065",2016/12/2 0:00:00,"和光","198-03015","プロピオン酸ナトリウム","1","500G",1,\3750,\3750,"一般",,"本",\300,"ｲｼｶﾜｻﾏ"
516,"P97710062",2016/12/2 0:00:00,"キシダ化学","010-11745","N-酪酸","ｲｯｷｭｳ","500ML",1,\1980,\1980,"一般",,"本",\158,
517,"P97710063",2016/12/2 0:00:00,"キシダ化学","010-14185","ヘキサン酸","1ｷｭｳ","500ML",1,\2210,\2210,"一般",,"本",\177,"ｲｼｶﾜｻﾏ"
518,"P97712033",2016/12/15 0:00:00,"和光","159-00246","オレイン酸","1","500ML",2,\1360,\2720,"一般",,"本",\218,
519,"P97712905",2016/12/21 0:00:00,"キシダ化学","000-40615","硫酸アンモニウム鉄(2)6水和物",,"500G",1,\1980,\1980,,,"本",\158,"ｲｼｶﾜｻﾏ"
520,"P97713590",2016/12/27 0:00:00,"キシダ化学","000-40625","硫酸アンモニウム鉄(3)12スイ","ﾄｯｷｭｳ","500G",1,\1600,\1600,"一般",,"本",\128,
521,"P97713591",2016/12/27 0:00:00,"和光","159-00246","オレイン酸","1","500ML",2,\1360,\2720,"一般",,"本",\218,
522,"P97715392",2017/1/18 0:00:00,"和光","159-00246","オレイン酸","1","500ML",2,\1360,\2720,"一般",,"本",\218,"ｼﾊﾞｻﾏ"
523,"P97716290",2017/1/24 0:00:00,"和光","133-02506","2-ブタノン","1","500ML",2,\900,\1800,"劇物","労安57","本",\144,"ｲｼｶﾜｻﾏ"
524,"P97714830",2017/1/13 0:00:00,,"12001","イソプロピルアルコール","ｺｳｷﾞｮｳﾖｳ","14KG",1,\4000,\4000,"一般",,"缶",\320,
525,"P97719343",2017/2/15 0:00:00,"和光","159-00246","オレイン酸","1","500ML",2,\1360,\2720,"一般",,"本",\218,
526,"P97719735",2017/2/17 0:00:00,"キシダ化学","000-03630","アンモニア水",,"5L",1,\2800,\2800,"劇物",,"本",\224,
527,"P97721621",2017/3/3 0:00:00,"キシダ化学","000-47015","無水マレインサン","S","500G",1,\1800,\1800,,,"本",\144,"ｲｼｶﾜｻﾏ"
528,"P97721621",2017/3/3 0:00:00,"キシダ化学","000-57955","しゅう酸(2水和物)",,"500G",1,\1980,\1980,"劇物",,"個",\158,
529,"P97721671",2017/3/3 0:00:00,"和光","151-03425","オレイン酸",,"500ML",2,\1360,\2720,"一般",,"本",\218,
530,"PU1251538",2022/1/7 0:00:00,"富士フィルム和光純薬","135-09685","酸化マンガン(Ⅳ),99.5%",,"500G",1,\6200,\6200,,"PRTR1 第57条-2","本",\620,"ﾌｼﾞｻﾜｻﾏ"
531,"PU1253384",2022/1/20 0:00:00,"キシダ化学","000-70555","硝酸銀","特級","500G",1,\38000,\38000,"劇物",,"本",\3800,"ﾌｼﾞｻﾜｻﾏ"
532,"PU1252260",2022/1/13 0:00:00,"富士フィルム和光純薬","209-01615","酸化すず(Ⅱ)",,"500G",1,\9500,\9500,,"第57条-2","本",\950,
533,"PU1257263",2022/2/15 0:00:00,"キシダ化学","000-70555","硝酸銀","特級","500G",3,\38000,\114000,"劇物",,"本",\11400,
534,"PU1257263",2022/2/15 0:00:00,"コニシ","057-28556","無水エタノール　医薬品/医療用","ﾆｯｷｮｸ","16L",1,\29400,\29400,,,"缶",\2940,
535,"PU1257687",2022/2/17 0:00:00,"キシダ化学","000-40955","硫酸鉄(Ⅱ)(7水和物)[第一]","特級","500G",2,\2520,\2520,,,"本",\252,
536,"PU1255563",2022/2/3 0:00:00,"富士フィルム和光純薬","183-00122","ローダミンB","S","25G",1,\5000,\5000,,,"本",\500,"ﾌｼﾞｻﾜｻﾏ"
537,"PU1255563",2022/2/3 0:00:00,"富士フィルム和光純薬","164-04837","2-プロパノール","S","14kg",1,\8800,\8800,,"危4/第57条-2","缶",\880,"ﾌｼﾞｻﾜｻﾏ"
538,"PU1258320",2022/2/22 0:00:00,"富士フィルム和光純薬","207-08176","チタンテトライソプロポキシド","1","500ML",2,\3500,\7000,,"危4","本",\700,
539,"PU1258568",2022/2/24 0:00:00,"富士フィルム和光純薬","015-09576","アセトアルデヒド","1","500ML",1,\4350,\4350,,"危4/PRTR1/第57条-2","本",\435,
540,"PU1258567",2022/2/24 0:00:00,"キシダ化学","000-40955","硫酸鉄(Ⅱ)(7水和物)[第一]","特級","500G",6,\1260,\7560,,,"本",\756,
541,"PU1258567",2022/2/24 0:00:00,"富士フィルム和光純薬","094-01065","硫酸鉄(Ⅲ)N水和物","S","500G",6,\3740,\22440,,"第57条-2","本",\2244,
542,"PU1260315",2022/3/8 0:00:00,"富士フィルム和光純薬","156-01775","オクタン酸","S","500ML",1,\2400,\2400,,"危4","本",\240,
543,"PU1262060",2022/3/22 0:00:00,"清水産業","2102","苛性ソーダ(フレーク)",,"25KG",1,\3900,\3900,"劇物",,"個",\312,"軽減税率対象商品"
544,"PU1262059",2022/3/22 0:00:00,"高純度化学研究所","MOO01PB","2酸化モリブデン","3N","100G",2,\21000,\42000,,,"本",\4200,
545,"PU1262059",2022/3/22 0:00:00,"キシダ化学","010-40956","硫酸鉄(Ⅱ)(7水和物)[第一]",,"20KG",1,\14000,\14000,,,"個",\1400,
546,"PU1262059",2022/3/22 0:00:00,"富士フィルム和光純薬","320-27575","オレイルアミン",,"500G",2,\5500,\11000,,"危4","本",\1100,
547,"PU1262059",2022/3/22 0:00:00,"富士フィルム和光純薬","094-01065","硫酸鉄(Ⅲ)N水和物","S","500G",2,\3740,\7480,,"第57条-2","本",\748,
548,"PU1262061",2022/3/22 0:00:00,"キシダ化学","000-70555","硝酸銀","特級","500G",2,\38000,\76000,"劇物",,"本",\7600,
549,"PU1262061",2022/3/22 0:00:00,"キシダ化学","000-70555","硝酸銀","特級","500G",5,\38000,\190000,"劇物",,"本",\19000,
550,"PU1262407",2022/3/24 0:00:00,"富士フィルム和光純薬","320-27575","オレイルアミン",,"500G",1,\5500,\5500,,"危4","本",\550,
551,"PU1262407",2022/3/24 0:00:00,"富士フィルム和光純薬","207-07995","テルピネオール(異性体混合物)","1","500G",3,\3400,\10200,,"危4","本",\1020,
552,"PU1262889",2022/3/29 0:00:00,"コニシ","057-28556","無水エタノール　医薬品/医療用","ﾆｯｷｮｸ","16L",2,\29400,\58800,,,"缶",\5880,
553,"PU1263590",2022/4/5 0:00:00,"富士フィルム和光純薬","094-01065","硫酸鉄(Ⅲ)N水和物","S","500G",4,\3740,\14960,,"第57条-2","本",\1496,
554,"PU1265681",2022/4/19 0:00:00,"キシダ化学","000-71212","オクタン酸ナトリウム","S","25G",2,\1620,\3240,,,"本",\324,
555,"PU1267205",2022/4/28 0:00:00,"富士フィルム和光純薬","164-04837","2-プロパノール","S","14kg",1,\8800,\8800,,"危4/第57条-2","缶",\880,"ﾌｼﾞｻﾜｻﾏ"
556,"PU1270243",2022/5/26 0:00:00,"富士フィルム和光純薬","207-07995","テルピネオール(異性体混合物)","1","500G",3,\3400,\10200,,"危4","本",\1020,
557,"PU1270243",2022/5/26 0:00:00,"キシダ化学","000-70555","硝酸銀","特級","500G",2,\41800,\83600,"劇物",,"本",\8360,
558,"PU1270244",2022/5/26 0:00:00,"富士フィルム和光純薬","094-01065","硫酸鉄(Ⅲ)N水和物","S","500G",1,\3740,\3740,,"第57条-2","本",\374,"ﾌｼﾞｻﾜｻﾏ"
559,"PU1270596",2022/5/30 0:00:00,"キシダ化学","000-70875","酢酸ナトリウム(無水)","S","500G",2,\1440,\2880,,,"本",\288,"ｲｼｶﾜｻﾏ"
560,"PU1270596",2022/5/30 0:00:00,"富士フィルム和光純薬","197-08085","ラウリン酸ナトリウム","ｶｶﾞｸﾖｳ","500G",2,\3120,\6240,,,"本",\624,"ｲｼｶﾜｻﾏ"
561,"PU1270595",2022/5/30 0:00:00,"アズワン","2-966-11","PH比較電極内部液 KCL3.33","KCL3.33",,1,\2160,\2160,,,"本",\216,"ﾌｼﾞｻﾜｻﾏ"
562,"PU1271151",2022/6/2 0:00:00,"キシダ化学","000-48663","メタノール","S","3L",1,\2250,\2250,,,"本",\225,"ｲｼｶﾜｻﾏ"
563,"PU1271152",2022/6/2 0:00:00,"富士フィルム和光純薬","080-01061","塩酸","S","4kg",1,\2880,\2880,"劇物","麻薬原/第57条-2","本",\288,"ﾌｼﾞｻﾜｻﾏ"
564,"PU1272848",2022/6/14 0:00:00,"ソーダニッカ","1249-30020-15","ポリ硫酸第二鉄　バックインボックス",,"25kg",1,\4600,\4600,,,"箱",\460,"ﾌｼﾞｻﾜｻﾏ"
565,"PU1274919",2022/6/28 0:00:00,"富士フィルム和光純薬","202-01605","酸化すず(Ⅳ)",,"500G",1,\7000,\7000,,"第57条-2","本",\700,"ﾌｼﾞｻﾜｻﾏ"
566,"PU1277820",2022/7/19 0:00:00,"川崎ファインケミカル","A-SDE","アミゾール SDE",,"17KG",1,\15100,\15100,,,"缶",\1510,"ｲｼｶﾜｻﾏ"
567,"PU1278855",2022/7/26 0:00:00,"コーニング","1000-1L-P","PYREX ビーカー 1000mL","6個入り",,1,\5814,\5814,,,"個",\581,"ﾌｼﾞｻﾜｻﾏ"
568,"PU1278855",2022/7/26 0:00:00,"コーニング","1000J-500-P","PYREX ビーカー 500mL 小口パック","6個",,1,\2880,\2880,,,"箱",\288,
569,"PU1278855",2022/7/26 0:00:00,"コーニング","1000J-100-P","PYREX ビーカー 100mL、最大目盛 100mL(小口パック)",,,1,\2736,\2736,,,"ｹｰｽ",\274,
570,"PU1279361",2022/7/28 0:00:00,"キシダ化学","000-03855","炭酸水素アンモニウム","S","500G",2,\2610,\5220,,,"本",\522,"ｲｼｶﾜｻﾏ"
571,"PU1279898",2022/8/2 0:00:00,"キシダ化学","000-40956","硫酸鉄(Ⅱ)(7水和物)[第一]","特級","20kg",1,\26250,\26250,,,"個",\2625,"石川様"
572,"PU1281162",2022/8/9 0:00:00,"富士フィルム和光純薬","080-01061","塩酸","S","4kg",2,\2880,\5760,"劇物","麻薬原/第57条-2","本",\576,
573,"PU1280461",2022/8/4 0:00:00,"キシダ化学","010-71915","ラウリン酸ナトリウム","1級","500g",2,\6210,\12420,,,"個",\1242,"ｲｼｶﾜｻﾏ"
574,"PU1282922",2022/8/25 0:00:00,"キシダ化学","020-26286","ジプロピレングリコール(異性体混合)",,"18kg",1,\18750,\18750,,,"個",\1875,"ｲｼｶﾜｻﾏ"
575,"PU1285007",2022/9/8 0:00:00,"高純度化学研究所","ZNO06PB","ZnO 酸化亜鉛　粉末","3N","1KG",1,\6650,\6650,,,"本",\665,
576,"PU1284528",2022/9/6 0:00:00,"キシダ化学","000-30025","けい酸エチル(テトラエトキシシラン)","S","500ML",1,\2520,\2520,,,"本",\252,
577,"PU1284528",2022/9/6 0:00:00,"キシダ化学","010-77275","チタン(Ⅳ)イソプロポキシド","1級","500ML",1,\3600,\3600,,,"本",\360,
578,"PU1284528",2022/9/6 0:00:00,"キシダ化学","010-02605","アルミニウムイソプロポキシド","1級","500G",1,\2610,\2610,,,"本",\261,
579,"PU1285916",2022/9/15 0:00:00,"ソーダニッカ","1249-30020-15","ポリ硫酸第二鉄　バックインボックス",,"25kg",1,\4600,\4600,,,"箱",\460,"ｷﾑﾗｻﾏ"
580,"PU1286783",2022/9/22 0:00:00,"日本アルコール","1349-30001-14","ソルミックス AP-7",,"14kg",1,\6600,\6600,,"危4","缶",\660,"ｲｼｶﾜｻﾏ"
581,"PU1288275",2022/10/4 0:00:00,"キシダ化学","060-18305","酸化銅(Ⅱ)","特製","500g",1,\3470,\3470,,,"本",\347,
582,"PU1291215",2022/10/25 0:00:00,"キシダ化学","000-87915","酸化亜鉛","特級","500G",1,\1840,\1840,,,"本",\184,
583,"PU1291695",2022/10/27 0:00:00,"キシダ化学","060-18305","酸化銅(Ⅱ)","特製","500g",1,\3470,\3470,,,"本",\347,
584,"PU1291696",2022/10/27 0:00:00,"富士フィルム和光純薬","202-01605","酸化すず(Ⅳ)",,"500G",1,\7000,\7000,,"第57条-2","本",\700,"ﾌｼﾞｻﾜｻﾏ"
585,"PU1293139",2022/11/8 0:00:00,"富士フィルム和光純薬","080-01061","塩酸","S","4kg",1,\2880,\2880,"劇物","第57条-2","本",\288,"ﾌｼﾞｻﾜｻﾏ"
586,"PU1293532",2022/11/10 0:00:00,"キシダ化学","000-03630","アンモニア水",,"5L",1,\3780,\3780,"劇物",,"本",\378,"ｲｼｶﾜｻﾏ"
587,"PU1293533",2022/11/10 0:00:00,"富士フィルム和光純薬","164-04837","2-プロパノール","S","14kg",1,\10200,\10200,,"危4/第57条-2","缶",\1020,
588,"PU1297007",2022/12/6 0:00:00,"キシダ化学","000-87915","酸化亜鉛","特級","500G",1,\1840,\1840,,,"本",\184,
589,"PU1298076",2022/12/13 0:00:00,"キシダ化学","060-18305","酸化銅(Ⅱ)","特製","500g",1,\3470,\3470,,,"本",\347,
590,"PU1299962",2022/12/26 0:00:00,"富士フィルム和光純薬","166-04831","2-プロパノール","S","3L",1,\3780,\3780,,"危4/第57条-2","本",\378,
591,"PU1300221",2022/12/27 0:00:00,"富士フィルム和光純薬","164-04837","2-プロパノール","S","14kg",1,\10200,\10200,,"危4/第57条-2","缶",\1020,
